f2ed6d624b448eb5e6c7fb4dbe60642c	2.76007518674			-
f4f6809701c80a7b486c7a4ac5334c31	3.14825535812			-
f_51554d0d5b711a534b56ebc00d2ab382	2.70208323976			-
f_65d96f6eea2705802f40b5d07f9c0800	2.92393198938			-
f_7d52ac5186b4aae394a849310f2d9696	1.85698519975			-
f_7ee212ca806eb441017dd006d0765876	1.85698519975			-
f_4f63e61c60fbecc6957fc217bc7b7257	2.95964754164			-
f_61db93081ed0952181ac0cc1947b6211	2.68089394069			-
f_02bddf815fc6ec58e0ce1a8f1ce8612b	3.77431562585			-
b96519bf700298012bf0e40c27b79b8a	2.28295393202			-
c6a559bc839cad4bee9a56fc6906297e	2.42125663018			-
d618bc8cc5a714da905b83be94977e87	2.33410645447			-
bde0911d1ff82ff8595544f164a5fb59	1.68089394069			-
f_956f202ac5c3595c5435540cfc374fb9	3.12805197203			-
f_72ecb4c8b814f8b664cb7d699494a49e	2.40789266863			-
f_480f55a0663004cf58b3802eff487f2e	3.12805197203			-
f_717a287913b97d2a93b35dbf42b816f7	2.81122770919			-
f_8851dcf7ceada96b736ec49ff97ae0ec	1.98192393635			-
f_4e7b39f2a5600877a4407ca807218fe8	3.30928287074			-
c129613f8c0f4442385abbf5b107a4f0	4.21913244138			-
f_9b3fe19eec16d12f7e69e696667804fe	2.15801519541			-
f1b9aad2a1c8dda9133befb754475f79	1.68089394069			-
c2929d9d6596f1fb4485addbfaaede33	3.14329193859			-
f_208091cda60ecd05d2e67b9f4a828751	4.64820785898			-
f_40a85c29f152958ce896fbeb6bd96b7e	2.42125663018			-
a29971905462fa50ca51d0d479667bc4	3.37986394503	No	3.12482312692	0.0400004878692
de72dda268e61d3ff4353d84445402a1	2.49380729733			-
f_5f9c797844d22cddc50d52a1158500ab	3.21237285773			-
dc12e84f032627f19a33b72ce196514f	2.58398392768			-
f20f13a34b9c8b337c66f8ba40aec879	1.68089394069			-
f_350251bc2b7825f1a48de587c6e0200f	3.85115565609			-
f_954ce9a7ede67cd652c46b8d2b76f22a	4.09251364665			-
f_6a4923a5268cb80a2810e0b82f5ac675	3.61539239193	Y	3.26970970018	0.0394843766254
f_85c868b29de1b7f4cfd88e879b31bf77	1.85698519975			-
cc0a36455eb882a003c94d4d00ff938b	2.70208323976			-
f_24c9f643cb954dfe45e9ebe816b08cd3	1.98192393635			-
b4fdbcf6833a464c4b0509e95f722390	3.36663567929			-
d6053907c1f01d3f6ec2c2f1cca73801	1.37986394503			-
f_4875eff948215dcfcf58ae9ffca55655	2.76007518674			-
f_3ba48d6c17578e0987863a2c92812ba6	1.98192393635			-
f87ad0845acfac521024731bbb3bc403	3.63993533301			-
f_50c52f204a79f1bd9ba1042446ebc73d	2.33410645447			-
f_45c71d28f081fd78ac2cd691eb45b4e7	2.28295393202			-
ca50bb1c15efaaea0ec274a03faee390	3.20593874773	No	3.0354226925	0.0223375635
e70cc3e5b222f4a850dbb563c72ff45e	3.9797470171	No	3.66963496117	0.00403392858122
f_2ddc6e11ad702cd08999da76eec1f5ef	2.20377268597			-
f_29ddb51a018801e92e6c4ea373b92f34	1.68089394069			-
a59638da0e91bce38f8ac781ea095d65	1.37986394503			-
f_4176b6b9b9fa122f2c7a1b1f384c107a	2.76007518674			-
fea9e199679036c9bcd796a24a81830a	2.07883394936			-
f_0f477c75e7ed901ddac7b9a8b66df774	2.10686267296			-
f4873ea86260068cd1c6a16e7c75d4c7	2.49380729733			-
f_5ecf5e3a5346bf0ee30e3c37f99853f9	2.90274269031			-
f_1a672a19e12619d8b2a43ab3e780c47e	2.45904519107			-
f_466289ce053f74f5606ee9e706ce13bd	2.76007518674			-
f_27a827d8a26d21270dc67cc91bb030ab	1.98192393635			-
f_7ffa9ff02ae5f830ea8b4ea9c4908d28	3.83521645498			-
f_3d10c8f2fb3de7590067aa3fa8714d21	1.8058326773			-
f_497704fe3234cce0b8d2b8be34516776	2.5259919807			-
e818777dd8f2c2d7043414b076e21e33	2.15801519541			-
b2d66cd6540ff7540c25576d34e19f40	4.00034701918			-
ef55e745bc3c77e6928728de93ee830c	2.6103128664			-
f_89b20ff38a8a86024c908d14ddaa94c4	1.98192393635			-
f_9e9472aff8ab2952afb813d4e46adb1d	3.05196180296			-
f_1383ddf62b12c94f2d4bca3cff634ecf	1.50480268163			-
f61de8344a374364daa477349e937749	1.98192393635			-
ce35522e0736a1fccf9e21ae14c3ee06	2.76007518674			-
f_1e484ee7495eff7097256083f59550c7	2.7778039537			-
f_55959183935818f5bea8671bd086db51	3.00995265995			-
f_4d4308042b997bc8f98c6e772796d1a3	1.37986394503			-
f_35d255537afb5aa0bcaacd07800f2a01	2.28295393202			-
b64085c9b57040b87712e65c43fc12c0	2.22496198504			-
f_1c1610602543e4f9bbc316d98a385243	3.50043787623	No	3.14439656461	0.00751972395253
f_4e07ebde99e08ab492e77a0f83609fd1	2.93616644579			-
f_227c92dae8e6fc744672796f29ec6bc6	2.28295393202	Y	2.5585306735	0.0394258326294
ca08c2ce30306134a1b8ace9b8eacda6	4.10167456024	No	3.91850014604	0.0399628969328
f_9d6cd2d00b95984c031d4f2367acad7a	1.37986394503			-
f_94109ebf8eac17772dd40cd622b1076d	2.15801519541			-
f_2439ad224d9e92d657aa8523b367f6af	2.28295393202			-
beca4c621bd6841086ae8ca50652aca7	3.11225770485	No	2.79438762951	0.0122370835292
f_3dfc8833d5b5e1bcc67021bade889def	2.84226194293			-
f_64db2dd1282956ba3e5e65f192ceff6b	4.19588417376			-
f_750d4bc636e851f1db1ee4f08bda9372	2.28295393202			-
f_272f2defd7eadd7131c7a8ca0109f5a6	2.10686267296			-
f_449523f8a495d62cd9b61d6cdd9c10a6	3.45904519107			-
f_16a3d35db7266316c0c558f93660cf42	3.54222917958			-
f_9da651944f9177aeda75fbfcd76e9cfc	3.0730044057			-
f_0f6ec32b30250edd63747dd3ff714ea5	2.33410645447			-
f_1d9f209b0bf8a0fb82c8caea709fd9a9	3.23719644146			-
bda5c4db5cd56437531eeb510ceda8e3	2.49380729733	No	2.40726324733	0.0399628969328
f_51b64448cdadd9252de2539e261be10a	3.66089731227			-
daa5f87eb9a2dd64abc5a58c5688327f	4.16661536717			-
f_401bb0df51706b4c122b3c2ccedfd910	2.45904519107			-
c547de470698d66fc76d4ce988dc15fa	2.49380729733			-
f_79457c402888ea7608b43bf1e09e70cb	2.49380729733	No	2.46948454316	0.0399628969328
f_06b1529f7e916199cfe39c0a6d55bb35	2.07883394936			-
f_81b4adfc44ee798700bbf8396c33a7b9	1.8058326773			-
f_4776c87857a191b3224a3727146b1b43	2.84722536246	Y	2.50476751165	0.0254478244563
f_7ac60899f76d4772567897aae416d5ee	2.45904519107			-
f_7cc57dd69e162b78fc050bcb062e903c	3.50043787623			-
f_87d8b4672ebd6a23672f1318b578cc39	3.92804855557	Y	3.76336172885	0.0290588677468
f_068db80412ea0132c5d3ef84cdad981e	4.38203000678			-
f_200ffd63aeaa93813d2fa93e10ac8a9c	2.70208323976			-
f_2c003daf0ce04f5b068b137c97fa1cbc	1.85698519975			-
b5dd8d969fce83b6cf0c6f5774ac341e	2.33410645447			-
b78329357a80e123d34b400dcfe2ebf5	3.15801519541	No	2.82362099602	0.0122370835292
f_99b44ee71a36a108a50e4bcdf8c5a19f	2.40789266863			-
f_1a639596eafe06496cbdc0587612ef7a	2.63513645013			-
f_02b2383ce3892d0422177fe43fa6f966	2.93616644579	No	2.63970673279	0.0400004878692
d0707cd3daa19cf854c010305df6f93a	1.85698519975			-
f_667dd4cff5aeb7f3c6a805510976f3cc	3.49380729733			-
f_44a3cb8dbadcc938b73aebe5c7261124	2.37986394503			-
c9a4ac9ab7210a13e39c3d670f84c4c3	2.22496198504			-
f_6e757a3ced98241d86771a5dda65e1f9	2.68089394069			-
f_7e08ed0f72fe0e7df7c2b0ecb12173f3	1.8058326773			-
f_57c72734dfbad9bef004637663ac9bb4	2.20377268597			-
f_6ad62ebe4f951974351018be147a4f08	2.61874603394			-
f_2c14f8314d0330503bad44e7bc1d65fa	3.46264931534			-
f_35ecd9211900c6a9447800b4f04c961b	3.43676879636	No	3.11310770668	0.00340693407262
c04b4f275fc85f39ed2538bec8f641fe	2.45904519107			-
f_8540be5687449bc81b329153dee68676	2.42125663018			-
f_1416db00530b8689854229cc33b83315	2.68089394069			-
ee354f6cb94a0c8def2acf0db62f176f	2.33410645447	No	2.2019481425	0.0399253146642
f_99fb700bdef9fdc796551edac7e4c307	2.74159178104			-
f_4e1f5be7f3397460a61485778ced94c5	3.40789266863			-
cf0a0439584225126e36bed305c7f3ca	1.8058326773			-
f_04c4f62bf5fe0727d49b026537b624ef	3.42125663018	No	3.09066530423	0.0122619753405
c1cf23c2753ca32c1b43b4dc6806e0c1	1.37986394503			-
d8cc9ad812fa9e885cd911d1985aee01	1.98192393635			-
f_98afffa0e31ef36d806460e3636a0156	2.99264780175			-
b31c3c4f1650e06ad1f88477746f6305	3.97755913095	Y	3.7547172429	0.0309544836233
a619529eaf8b18c03fabba4cf31ff1a8	3.30414323109			-
f_320e08df14153fd1950f4f9c03bdca61	2.70208323976			-
f_3157d4cb9fb4bca717fc7e77c678e43d	2.55595520408			-
f_6c22f0959e77402b840d8bcae036af4d	3.56926067086			-
d46b373a27e8ad44a23f2ff73f1db157	2.15801519541			-
f_880a52364fbf1efa95ea31610dfdc355	2.15801519541			-
e04d6c081f15cc99b7baa2cdb0aea469	1.37986394503			-
f_26de41ab499a8c4b5073dc8a2ec236b1	3.50043787623			-
f_8a4b9a227b6992917ba1ba1d9a76aafc	2.07883394936			-
af689e00e1ebd9930ead97b0b21552d3	2.20377268597			-
f_1fd9732617c6635aeca826b960787406	3.61539239193			-
db95d401867e2e4cccc2cf9ecea00ca6	1.68089394069			-
f_97ed9c32c0b6f04cf476f12dc0f30afc	3.66089731227	No	3.32772038554	0.0400004878692
c35319ed6c33ed013f2299ec1fddef41	2.15801519541			-
f_39d9e05efb13bb6cbb67cb3b6c673f24	0.0			-
f1bdf19263a4babc93ec6b8be06a6b8b	2.72228662585			-
f_285b880884becb06e6b7b5b675598bb6	1.85698519975			-
b6dd24e190d913f20453e0834b2643a4	2.33410645447			-
e153b46fe2d99a06fadbf8ca364b1426	4.53762283107			-
f_1597d9206765a9582658ce82afc55a53	2.82702197637	Y	2.53153618354	0.0394843766254
f_70a04af455b926eca85d6eaff1e55b7a	4.35422209543			-
f_4a19881bb87034590e4752d5880dfad4	2.65093071731	Y	2.52265291126	0.0394843766254
f_0c9cea24a6e54e1eb7424e03a0b8da65	2.33410645447			-
f_6b6304aef2bb7e9e4dd492b3c3b9fa21	1.68089394069			-
f_44d54d6783887711abb1f9d6cd417c65	3.54718127977			-
fd65b8265ffc439611c35417706e25d1	2.37986394503			-
f_479c1b7c360e715b48849cdea685f7d9	2.07883394936			-
f_79c2783f53f76aac2982e37186691fc0	2.58398392768			-
f56c20df45936cd11f3d13c63e1707c7	1.98192393635			-
f_943490dd38726e088e97dad9df5b5853	2.74159178104			-
f_360959711fd78a186b3f0ecdbeebbe26	1.98192393635			-
f_038765f119978aaa180bf7d8de851dd4	2.76007518674			-
f_86cf8b3248f3e452e0c2277cc1a784d0	2.33410645447			-
bf0e636f98a00ea1acd3788d58fdfe38	1.50480268163			-
f_6babd3f4582eabd9594d8c85ef182848	3.38561627392			-
f_4474828b4977194b712ebde025bd48ae	2.98192393635			-
f_87025ce2a71b1dd8455df8809329c0d9	3.12805197203			-
f_298b081d9e663a4d804ed52c19c5aa22	2.37986394503			-
f_36c76b3311b63282869a351614ea63cc	2.20377268597			-
abadbe2f29abaca997973c05e70e7e3e	4.25608178562			-
f_6f320135335fe3dde2b5eb44d532a53d	3.57852103198			-
f_62062139737a93da2b68094691d4c197	2.15801519541			-
f_3cbb6108796c6870d107c3335311341d	1.98192393635			-
f_283f3388aa68f8c9dcc8f73bbda4e55c	2.99616437547			-
f_00fc529bbf50e51da28db58a96a412f6	1.68089394069			-
f00bcf9075d99439378922c89ad7fad7	3.89573778874	No	3.66207320985	0.0223593491013
f_7025ef8bc0004af762eb2690fba0066e	2.28295393202			-
f_984b13c33e055d9196bf018e212a87a5	2.95964754164			-
f_635991cf03bee2bf9a5d631f43336e24	2.45904519107			-
bedef8c7a888dc1731b64eb305d30634	2.58398392768			-
a5d73344f3f1640d4c0b2796ea7a7f18	1.68089394069			-
d6cae5097151b548ec69c1b256bfce2c	2.33410645447			-
f_3766f79d6df21d0704d7b93d7e369e4a	1.68089394069			-
f_8276b3032dc62cf54a4c985f8d4686b0	3.04262177671			-
f_90c7e2a74ee1a9f88e5ee5be8d2b5dd9	4.04762810859			-
d826dd73ffd82d714266122ed873cfab	2.76007518674	Y	2.52904955781	0.0394843766254
f_9ca5d74763b3c7223f892c58cf4b66a8	3.16519378004			-
f_0ca2ab3f9c8d6e64376c4596214b85d0	2.58398392768			-
f_2123f462a1d5203b292e6711733097a1	4.41914583875			-
a2a727fea4bbebe7941feb71bdd2e7aa	1.68089394069			-
f_1a80b0e637b98f565e0f35e700685cdd	3.37403440137			-
f_1b9cebbc4841c2e62e30bee82e0a2e0a	2.61874603394			-
d7465c0e6f817aacd1c7a99b12dfe12b	3.71964652968			-
f_4bf9663d6c888e28e4d50d86c810758a	1.8058326773			-
f_4c73246af349194f97518033aa62e57a	2.70892266429			-
f_59d4294cb16240dd9b2d8510f9244281	3.49602875733			-
fd7c5620f926804e198d6fdc940e6f71	2.33410645447			-
f_00c3f30ddc9c855ff73ddfda0c02214b	1.98192393635			-
f_31046b99427f3260c5485866bf932ed8	2.76007518674			-
cab9884020b7583b83f9f6bdc5aca410	2.37986394503			-
d06a4dfb351dfdb47dd34615cb48ff06	1.85698519975			-
f_258c9bdd1ca406e1b822ccf71f2a235a	1.85698519975			-
f79e6e5ef1ecb0c1b19f5cc5a14c12e1	2.20377268597			-
f_99290cd2d6ad0c9e43727b03a6fcc046	1.50480268163			-
f_4932da2420b87310a995f1952428b5f6	1.37986394503			-
b9ad793aff859525b4d66ff8316aaa90	2.37986394503			-
acb367c91a0e13eaa2b9a395b9089688	3.44804980677			-
f_61fd0df401cbb3ab9ad76408f2a306a8	2.6103128664			-
bfb9a3e0f4210e1be298f38f83022eb1	2.45904519107			-
f_0ab4107432539cd51d3e2926ada4e865	2.72228662585	No	2.50502367102	0.0033652103729
eafa9b149131c4ff3c6e2a7d914efd3f	2.15801519541			-
b6f8f8f802eb8dad63bb688904868ff1	2.97092855205			-
c2779f1f7ce687c5e924c75365706798	3.01333240061			-
f_792b0150a74e97ceed7d14aee80f06ed	3.08458627825	Y	2.77089473506	0.0254478244563
aa264addf7bf503e5d88556ae9291539	2.45904519107			-
f_9fb9b083ae60704517ab8b89006d0d1a	3.12805197203			-
f_8a106b2d19ca253d6cae3ad2c809a4f5	3.59470779307			-
e557bde11898d4abde91e96256327e9d	2.63513645013			-
a3e406429627f5c4d2098ccab56555d3	3.1357388007			-
f_407053a4af37e4d659622fdc3fc7358a	2.5259919807			-
f_197a2da24de330514209e1648a8a8bde	2.10686267296			-
c301ad1a50e67bc4f6e5a0c47adb70d8	1.85698519975			-
f_9330552170a4a2a2903277c74c6eddd7	3.30414323109	No	3.05680098698	0.0400004878692
f_36634d7bdb620c5c831a8cdb5b72e487	2.45904519107			-
f_4e32faffe3838ba5cb1967cca6730658	2.34990072165			-
f_29a58a9dfc6929f264f5a572b6010ef9	2.68089394069			-
f_0f33f4e1c65f7a8fd4b61e0a3f00f8e1	1.50480268163			-
f_818abde922c712f1b2d86e0a12f2659b	1.98192393635			-
f_54e223fcb424dd3c719462d4b6db4fea	1.37986394503			-
f_9ef44f64908e1742139850c7c0909a19	1.98192393635			-
bd1d01f5d19d828bc3e78694deed0764	1.68089394069			-
b520a210fe1759dc0e0e6be52a44c5e1	3.62783721139	No	3.33339142945	0.0400004878692
c72828dd44ac0bbe4d37584d16dca200	2.8983778849			-
c398ff5618d2bccf6741f54f34a233fe	2.93616644579			-
f_5f837de2667427a4805ba6fdaf5c424b	1.85698519975			-
f_4ed0e27d0f7853be33bf188cd0fc6019	3.16756051332			-
f_6b415673da0fc1b3f30ca47ebb250fdc	2.22496198504			-
f_95e4158a3c44f790e34092e656025831	2.28295393202			-
f_1d3d35fafa01a487b9813c58e8a68e44	1.98192393635			-
f_5affc651b2e98ca7369c87a8b2f887a7	1.98192393635			-
d6df03d3a0f1617fc1ff0d7c7a20de0e	2.10686267296			-
ec47fbbb5cef20382f9ea775fae4826d	3.70892266429	Y	3.36021069108	0.0234377012857
f_4b7c3f30ac35308c90983cf9e599ed46	1.98192393635			-
f71656ee8afb929722b7d30ad711498e	3.62207397729			-
da1346b75cafd9cdbe21c14b95a0d24e	1.37986394503			-
f_355ba9a1b45d086850855328587df3d8	2.15801519541			-
b0347994850b9876d953d49820212bad	3.38418531881			-
f_031bc6bd8ff9a25f61b6ec8846a11de7	3.38561627392			-
b21ea849fa275b4cefd611e72bae61a0	1.98192393635			-
f_9a99b13d04559f94c05d994d54244ca9	1.8058326773			-
f_07a07ea81b90890cf9ecc3f047cf5d57	2.07883394936			-
cbfe43e42f42e80360fd2cbcd750d17b	2.15801519541			-
f_78706a1eaaef0374f41cb0ccdcceff9c	1.85698519975			-
f_479177c8ebee7e13fe9fc555ce8f4321	1.98192393635			-
f_2fea9b0ff4c2d64c0f575f565b6b11f0	2.49380729733			-
f_8ce7a03f9ac784aeaa76803be896bb83	1.8058326773			-
a0bfe345e9858cf0ce357fcbf307468d	3.47793053523			-
f_2a5ff05815d819828975de2c4964c960	2.61874603394			-
b369a653e77cf04148f4b2de001c86ce	2.15801519541			-
f_8fe2d46c5302333915e18563fe444eb3	2.07883394936			-
f07eae2e2abf500babba224ce434c78e	2.40789266863			-
f_9a08a7248b88bdc3122608664667ff68	3.0330764588	No	2.8203287971	0.0400004878692
aa3fc29a262dc145c81f76f579c4897d	2.45904519107			-
f_1c300ec42346c77fa119fbb4b3294bbc	2.15801519541			-
f_8c5da13949c9b1c46451947ef7d940fc	3.8058326773			-
b647a155923cc0db970932d83e3ec442	1.68089394069			-
f_8eb2f4eb67d6575eeca2f5c359b7a004	2.20377268597			-
f_6ba5c755a8cb06a0965c3a8d5a6e430e	2.73525160301			-
a6eec35bd040a0fd85319d77ed77cb8d	2.28295393202			-
f_3785d4bb27070c403ad0731f9124b1e3	1.50480268163			-
f6a0e0aa9c7bbb23ea4e71a6462c1c10	4.29998727132	No	4.01532313085	0.0122619753405
f_8292e565547d6c1133d4a12857605080	2.87122563886			-
fda2dcb07f1129ec07c1e1167a463490	2.28295393202			-
a004654202e076e4ab904efa0a55b5b4	2.22496198504			-
f70a02fcbd4f653788850f5a8dfd6de2	3.22080602527			-
f_15dad37d20a2a45710997baa02d5f8e4	2.07883394936			-
f_32604ea27289fbab3cd95d9b23cd0409	2.28295393202			-
d9cf4df439a8a5814c4089e78066d745	4.29013251665	Y	3.97946628788	0.00345432067897
f_08bc66adba662c787c3d6a0f3a181410	1.98192393635			-
f_04f6bd6ca959fc895effba389e83d465	1.98192393635			-
c46f54f23c54e7132eb9aa1e024b782c	2.90274269031			-
f_35447c5e23960bc34c7e24a1eda8c4dc	2.07883394936			-
f_18e220f7a1da36f66ae3734a54642936	2.95964754164			-
a7a92e714a9438200a2b567bd2f7c001	2.22496198504			-
f65b85b98c9ca7499ad9356c975f07fa	2.10686267296			-
f_7792bb0ced93fa9965a3d316f941c32f	2.93616644579			-
f_7e077f00e776cc516aff292d2ad9948b	2.28295393202			-
fe1413a48ad7186ec58c7636987a8925	1.98192393635			-
b0a3574c4492821c9175e36727c2be8c	2.10686267296			-
f_158c2eae7e0bb5767c731f64091dd0ca	1.85698519975			-
f_34894de27388b21d384875822b942a01	3.89749963489	Y	3.58771957965	0.00107964277236
f_30caec51b93d879f91c7891f347538f8	2.10686267296			-
f_83137614212aa52a2b1edd7e5d62f4ef	2.55595520408			-
ff71a1de7ddbed2f5645938d49c7df38	3.52287874528			-
c4ded5d5b6af242d0b2ce61e16e97ad5	2.68089394069			-
f_208bee72dd6f71715fe9a85a6740f90f	2.96720067953			-
f_99c4c527b611ea7b3e223674fd5cfe6f	2.58398392768			-
f_7e4a04288b6d94e8632abdf0380bb592	2.49380729733			-
f_5f521ef477e928671444274c10e37296	2.68089394069	No	2.41169014832	0.0223593491013
f_777bb4ed8c93d56694eccd2578cd7c38	3.88906646736			-
aa0fe0616595557e4436865d677e0e94	1.85698519975			-
f_5083a4f20db90d3493f6244719265b07	1.85698519975			-
f_06677696a3aa5b3e9d34a16833222325	1.50480268163			-
d0d1607ee191af098a75f143494437da	3.40789266863			-
f_2639f76780c61df19462b152bc398bb1	2.15801519541			-
f_334797f0eac2c404ef9a0da199c1ed0b	2.68089394069			-
f_4656a87eed92fff27557b2a20bc6f1c4	1.37986394503			-
e7bace948e3b94ee8c03d24e461d7c36	2.78355628259			-
f_342ee3aaeb18f89363aab431d730563a	3.8014678719			-
f_7675d2a73220b2e9359661a0a72664a6	2.74159178104			-
f_17ff47e32a1ef812baee96dcec98062b	1.85698519975			-
f_439522b630fdd6a840efdde1c07d60ad	3.08743412112			-
f_105fbe46841fd226f48f20f26cac5553	2.68089394069			-
f_550044eb2e41142ec4f5765aa5aaf1c0	3.98408999811			-
bb241054f6824c401671445b7f3c8ade	2.97092855205			-
f_71e89979eeaf5d85e0d656886f781cdb	1.85698519975			-
f_5bb265c867554e2981081a6752256782	3.64937688924			-
f_5395a67be2653ebf2d4549153d47c67e	1.68089394069			-
f_9bb93cb8266c89c4c50313af90dc333a	2.84226194293			-
f_220d59763ba444935347c0dffdb5c5c7	2.65861754598			-
f_02cfd0ef50b3b743d96cd5734865239d	2.8058326773			-
bc1e4af2904a4e8363cb88404d6654dc	0.0			-
b7fb6853253b2e65e675abf89bbb0435	2.20377268597			-
efc8869dc2575ccb11af605b2659e3e3	1.85698519975			-
f_7b12dae9cdca6caebd9cb5526a0211b0	1.98192393635			-
f_7cc6d4200880b7441c19ab60d88cf312	3.62207397729			-
d17d95b1bac320c43768b58f4901f75a	2.92393198938			-
f_302f11395f4c84f74ea33f22c0f57835	3.12805197203			-
a260e609d7438bfd9f257267861d7e76	1.37986394503			-
dc45112d57355ba15a0c3fcf6bad7631	2.61874603394			-
f_46d9c1a17daeb8ae0403821a39d1dad7	2.20377268597			-
f_05bd3290ebc06d61571968595d63cd50	3.2682306752			-
f_63dff133ebc414e502b98044fcfab544	2.97092855205			-
f_0f27eb4234855894c476d9d5cd58bbd1	0.0			-
ca9ca3251016369089de2b34657429c8	2.10686267296			-
bb01ba7446b70b55a4b28a848bc48c54	2.82702197637			-
a8cdfa1975cd4c5a42f0466246639f3f	2.6103128664			-
f_8635bc94336ee3b80b74fa81efec63ef	2.34990072165			-
aa1763a0ce609292d4fffc9e8f29b73a	2.93616644579			-
f_87a38137790e7828f52e696971ca2288	3.10413981463	No	2.83089862343	0.0400004878692
f_01ca04338032e01c209c8ed25043e22e	1.68089394069			-
f_2b966bab3a4f89aae806e3898aad2d4c	3.77664428817			-
f_6a5adc84cf3b3515df4dee18d07eda47	2.15801519541			-
a899a8b57efa21491201d2f0a68447e0	3.53822643712			-
bcba65cea22f5fd3479a40424f0e0ddf	2.76007518674			-
f_3fe467ef1e40167d2b0c72d59b65c6dd	2.6103128664			-
e090877134ae3e4f683c6b9cd4448149	1.98192393635			-
f_23e71c9d499284acc22608925f4288c5	2.76007518674			-
f_011dc0f38bc39140127471bbbd2c159d	2.07883394936			-
a52830b693876fd0a0bf70b6d1ec8f85	1.68089394069			-
d3a23b9596d992fe8dbe2100cb2d294d	1.68089394069			-
d8397c7fa50f51aaa37f138c36456fe9	1.68089394069			-
f_08a7b93d8a83b8cd3d26a61f8915e5b0	2.85698519975			-
f_6311c6b216c07a907079094b9b272fa2	2.49380729733			-
f_06b4b87f581a6921a29bb18f483e962e	1.8058326773			-
f_7be9082c85f1f5faa97c2610542738b5	3.23719644146	No	3.06201946748	0.0400004878692
f_6754225ea52475cf3ba742533ee6849a	3.30414323109			-
f_2be3b381b09e23005a4041a34225b1db	1.98192393635			-
f6e2bf3869898bd905df30099e4bec71	4.33346257817			-
b30870ec90cb1da81c6a257b94cb3fdc	3.10413981463			-
f_15bc23332c53205cf5bfa8893c56c642	2.55595520408			-
d605987187b831697202f2920b9b9cf2	1.98192393635			-
f_34bc020ac1533729b15487fed53e6831	3.91304264695			-
f_3ece941dd842ee677cb1d4c574b6cacd	2.6103128664			-
f_0946fde6947bf129ec2ee25e181de20b	2.28295393202			-
b65a631857d70e58ff4b88cee6640253	2.40789266863			-
f_7c75486fc5e782ca470684f0ca0c5fdf	2.5259919807			-
e3fe2a8c171461adc45acf08d6ebe021	1.98192393635			-
f_02861f9948b583dac4d6a864cd1263e9	3.84722536246			-
d6e048eb367ae5d0811088e5f4ddb713	2.22496198504			-
a76b19ab801c6c0339d2a484766a856f	2.50480268163			-
f_317bfc056dfde448573fc8c9a843bc97	1.85698519975			-
f_9f24c888b237a5588139e6ee1945a742	2.15801519541			-
f_372846f6a049ab639715d65e09bc3adc	3.43676879636			-
f5f110076ade8f60cf67a665b51b344b	1.8058326773			-
f766dd25bd0ebdc437ed2b097c137a0a	2.58398392768			-
f_99f4e18a7c990b6d48ff7ca9cc4aa1ef	2.15801519541			-
f_52165b78ccda4e6fb3948a6b8719f3d4	2.76007518674			-
f_44001b8a599c18af7fefb8b4a7a1791c	2.40789266863			-
f_41a8e5a76f1641f661bc2b60ddf19d5a	3.31938319764			-
f_4db10a7fd38e5f82ea9f0945569f8f59	1.8058326773			-
cdf113c900f7d9a56d70f5abeae2baf2	1.68089394069			-
f_6cdbb7406f4acd5eec6e2a8656e61ecc	3.97315001205			-
cbbfd5cd3c555907b02f356281d910db	2.42125663018			-
f6d42d09e871e570fd50b9397be8b56a	2.70208323976			-
f_53238008193a04476e76864020df6027	2.33410645447			-
f_0ef75a8f06e7e3c1e2a4016fa9dec971	1.8058326773			-
f_7707892795b4a3ba6a1148cd11e3195b	2.20377268597			-
f_69a49ad340da6d6eb45fe347b4072724	3.15801519541			-
f_8c6f91ecbec1d466c51859ce9fbe0f78	3.09586728866			-
f_2b014df65249c0477e4e638f9d80b1e6	1.98192393635			-
db599f5723e92b77acdd68ebe375573c	2.15801519541			-
f_2947f6570bae2386e5baa76db11eeec6	1.37986394503			-
f_27f748c122072058e61ada8dff0dffac	2.95964754164			-
f_575eab82275d703e7072061f8f71178e	2.07883394936			-
f_7d987d7e7c61fe892e4fc8fce8516509	2.07883394936			-
f_6035ced479a8cce8084aa7fd371bdb61	3.66089731227			-
f_52189f7b3ef231b8c257af9d54c08e3e	2.33410645447			-
f_7ae214b8b197f9e8f657e215964e3685	1.98192393635			-
d0e71d60e80c784c12de2ea20ce001c5	4.16566815964	Y	3.81759516028	0.0159077077202
f_7d7e3c9af8b06352bdf1547936726116	2.22496198504			-
f_5e76a817ad6d205172dbc02128091954	2.55595520408			-
f_975050d7195edf6b010b41923ee6d7ff	2.86653051765			-
f_81753d380e32783069759e9a104510b6	1.68089394069			-
f_728dd5647c1feca2c8fa9d4ec1029155	2.5259919807			-
ef37034887935171f33c3e990b6906a0	2.37986394503			-
f_4d986b3c9bf2b6630b7134281ed3e32c	2.5259919807			-
f_1feab43b32685d040e3d1099bfdfa906	2.74159178104			-
f_31f3154896bc3160e0abcd4684c53dda	4.21829322473			-
fa8daf6d3114833da02d79324ea38319	1.85698519975			-
f_86ca7f392a8f3f80ecc30b3ca543c9b0	1.85698519975			-
f_9c451ac02656e5992462fbe879861184	3.46384407396			-
f_11b8a65a568b5b36adc95bd47fcf9a79	1.85698519975			-
f_9bf39eef48ca475e697bd732831ea33c	2.28295393202			-
d8efd4c214ae2c7bbafe450ef81ba74e	2.82702197637			-
f_26dd0bba70014d2289269fe492546e30	1.98192393635			-
a4d3f0d85dbc4fa9d95b2e233bd759e5	3.07006002505			-
a9ccee7ec7f52cc52edef66c8044299b	1.85698519975			-
cc059b41844f0cf32adfd78e9bce2c0f	2.15801519541			-
f_24ca2a131f70429e08557d2226f667b9	1.98192393635			-
f_08a06fc969cb7719eb58bb70295a1946	1.85698519975			-
f_1b58178883185cbd234b5ad998a73786	2.92393198938			-
f_20e84212d7ffe4009bc4377738a2c325	1.68089394069			-
f_052c54e9e757c91519c3123cc36636ee	3.35606103035			-
f_62e8249b0fbe9fa0e3d6181d492280bc	2.33410645447			-
f1a48e851b5eb6c782048f454e3806c8	4.83516571668	No	4.48555608248	0.026926525361
b4f03ad5ca5004c5c0b183e0670b66a6	1.85698519975			-
f_7aeb68c9d93691468cd1c410902e9756	2.72228662585			-
b59f1f52835b92d47c489f5a490f507e	3.47793053523			-
f_2f8176eeaa9ee380906002a44ed4debd	2.40789266863			-
f_2fb67f5c783ee5b2d583a41dd2fb2bef	3.95157277683	No	3.57719331552	0.0120596835403
f_6e4f10a3c664f40477ca8f1adcd83f98	2.20377268597			-
f_527d89894cfdaed6c22e642444c7086b	1.68089394069			-
f_053d2ebc9ec952060ca0fa797b924cfe	2.28295393202	Y	2.30332734329	0.00607850292891
d328821148aadec372ae2badf830a0af	3.35606103035			-
f_0bb5cfbfe92b79cc85adceaa301c3b23	2.88501392335	No	2.64410133617	0.0400004878692
f_650cad9744e8b2f4bf96c598c6f12ddb	2.45904519107			-
f_10ceacfd6ddf39ab14d553a58ba91d74	2.70208323976			-
f_47eb23e8d958212f06667c73b27e1153	2.99264780175			-
f_2a5d1c5b2492bbdefcd28dc25379289f	1.85698519975			-
ed99a8e333efd95bedac8906c70761a8	2.07883394936			-
f_711bb370a98f1735794f12e17e6a0d0d	2.20377268597			-
f_23eab702329b6bc80eb44b0543fb2424	1.85698519975			-
f_31425a47f0623987faec978efa7d6cc5	2.22496198504			-
e55cf53751064aa63e5036b9a1e8a0b1	3.21237285773			-
f_47cc9154c203d91091919c91a71421bf	3.69232340247			-
f_993c4efcf381ba07e3cb640daeb8500c	2.794837293			-
b6624d469e07c5b3fd6bdd6b9531f39d	2.76007518674			-
c2b6c3f919486fbaa631bd98333c7d43	1.85698519975			-
ff2a6d8f82197ecfdfb1a7e4c34caf78	1.98192393635			-
f_5ea654455b455c48d757c33467bdfe24	2.99264780175			-
bf96208dbde530d7b9ed0e80d4e1b8be	2.55595520408			-
f_42ae4cfcab6d4a2125684c0402bb52d5	2.91134286207			-
dadb2abdb9ef7d4aa7b12d83aa691d4e	2.794837293			-
f_66bf5b51648a40e806c71080b644b524	2.28295393202			-
e370695ab2ed0fa4f1d103e34bc64561	2.10686267296			-
f_2cd291fafb8383e84da700a1ba9025fd	2.84722536246			-
f_3c6330e7e387c98b47a658e9ca1ccb46	2.15801519541			-
b08ccd28f303c6debf6e8ad3e39bd0a6	1.68089394069			-
f_0fcf1c1d76b850337d79c6ff8f76c045	2.33410645447			-
f_014d2795e1189ec856c12679fa4feb72	2.8983778849	No	2.62966157284	0.039850176181
f_874be6739f151f30115f3d224bd159c6	2.34990072165			-
d7ec939060d1879be692b2abaa9a4a8a	3.10686267296			-
e922169a9b0c3567165c5939f83c150b	2.74159178104			-
f_14ca0b1f1bf022bb4cb351bb81b3434e	2.45904519107			-
b6513da75db53b94d11a424ebe0c9afd	1.68089394069			-
f_40962774724a8cd1b7480181162bbc98	3.35606103035			-
f_57f32f25d80926e758a4325d7c55c43b	2.92393198938			-
f_0f8cd40e2436fc69a17ab512e53883d9	3.0730044057			-
f_6c010ce1809b7c86eb9e4fab733957fc	3.0611051824			-
f_0ce35e7f3795a53326b6e649d4770275	2.54619536679			-
f_121f37c4095e646b166dc90c9505f208	3.10413981463			-
f4b5ab49d7f44360f6bb148b5218d458	1.98192393635			-
f_942c830cbb17f74d56da24d60344ad42	2.33410645447			-
f_73114ca86a36c97048c75ffce116a4a8	3.18604391901			-
f_4cfd39842c1be76ac658ee44d2feee41	4.07534562152	Y	3.70514968943	0.0151861701873
ff1f8dee86478308bbeff1bfc6bed115	2.22496198504			-
f_7e59522d611f91a4ba9df2f17bd03d72	2.74159178104			-
c64e3b26623185a9c71ee2ffaefa85b6	2.58398392768			-
d97061d1570f6c2dea387a6b536e396e	2.68089394069			-
de4053df364afff203c3f157c94373cf	2.58398392768			-
bc1f5b1e64e61c37e2ed52a83a39ff00	2.94806566909			-
f_689a93e3b89671daacf1d8e28261148f	3.28295393202			-
f_17fef7e0ad68f9b6c8809f459939e144	2.15801519541			-
c4646f7b3fb00b2ad26da9eda9a4aa60	2.28295393202			-
f_6747cce82fdf489e202db152c2c46cd8	2.42125663018			-
f_6b8232d2924c9280c58bd6737440dc38	2.37986394503			-
f_71065e2597486bfdb36b408701366be5	1.98192393635			-
f_830a1d7aa07f94345199533a4559a23a	2.65861754598			-
b0d26f4970a76dc4a7328ec36c80cd37	2.5259919807	No	2.30340334066	0.0399628969328
f_21ac9338cd769064dfe183a59386d345	3.73779879203			-
f4b5dfc008732ae4551726f5d3573ad2	2.70892266429			-
d4871227284c323dc6d9069f759d4b8b	2.8983778849	No	2.67131195267	0.0399628969328
f_9116bdc5e8cb3f204dbd4fd7b43d0696	1.68089394069			-
f_82459d1c13afe4ab088bd621e33e1129	2.68089394069			-
c53af32783105c989d18c3f24dca28a6	3.80961622503			-
b7ec83512f548f0ca46d90adc4305d10	2.37986394503			-
ac3eeb28cf5ad9041ecdb967cedce4c7	2.07883394936			-
f_24489012dfca9a88c2e4e17b7885bd12	3.25299070864			-
bd7dc7cd9521fd107ae6f75a22463cbb	3.16519378004	No	2.79934236923	0.0333089348195
f_40fceecff0eb8a0f7709859d88a7b069	1.8058326773			-
f_4a33bd0214fbc77ce465482efa01ca3d	2.93616644579			-
f_9fd3a46a94352e5d4ed04691b4b9101f	3.86982242445	No	3.50884533495	7.58950953393e-05
add35db3af2927c8bbd661a8f9d2c413	2.45904519107			-
f_047f14389168ad23b6fd2ab9fd0b61f9	2.28295393202			-
f_70cdd56697000857ebb9af58bbb79ac5	2.90274269031			-
f_81230f14fc1bae46d60183250ea7f53c	2.97092855205			-
f1da1097b18d1c58f4b64f2c3c6630e2	3.04887072598			-
f_5d95a1dd58e871c90fa025de570c9d17	2.50480268163			-
f_837332d67b59de3ac74891c3a1480f63	1.85698519975			-
f_21d632ed2dee54c37c8be2e7fec1dd04	2.54619536679			-
f_4ea35d80a767cd97f6aa4208197e1f0d	2.55595520408			-
f_989c5113d9748121cdda78f95450fb20	2.6103128664			-
f_0577760e2d0ff9559b3ef7f030752da9	2.34990072165			-
f_02eec030971d731a0e4eaab695dc95c2	1.50480268163			-
ccce27e443d477b887591d571aaa409f	4.08229448147			-
f_50a94e3c8bbb8347addc8068156fb6f8	3.51658451218	No	3.26901778475	0.00654702638399
f_89358cd5cf10674681b0976f065efc0d	2.73525160301			-
c0cd0d5b75930802e3335840c1178b76	3.22496198504	No	2.92430704566	0.0214690921159
d13c63b2cc2807e9e1ccef02d9f537c4	2.58398392768			-
f_93583e719df6e1654ab63fe65a00588d	2.20377268597			-
db0b29c9f8f91f861a888aa6967ac9e8	2.58398392768	No	2.35000662605	0.039850176181
f_213085ec727bc7a19e0583cb94614a3a	2.07883394936			-
f_7e2d70794342094a14917a67b85120c9	2.28295393202			-
c40228e75ffd51864b395b4b36649eb2	1.37986394503			-
f_143fec38bae53c3da379bfb8ef1d9891	4.11386323156	No	3.77004835845	0.0396946351112
f_56998addd37e9aa43e5d0335829f8547	2.33410645447			-
f_5b080dcff3ec0eea1c4df91788b4291e	3.33410645447			-
fde2d38516fafdd25b0149919146514b	2.65861754598			-
dbbb7f80363be1b1d24b5330176748c2	1.50480268163			-
d297fe4d3e4aaf5983649f10278d629f	4.44282177911	No	4.1315746973	0.00171754153239
f_8fa6f65a10d03bf604d9912b8a92d172	1.37986394503			-
f_5bc6b15783256c3881b5019e18c175ca	2.10686267296			-
cb8782ec5dd0021988a8257d7b3863e1	2.40789266863			-
f_6ea565df6378638622d090258279f1ed	2.7778039537			-
f_68c93c467f6565cd8390a35df4bdfb7b	1.98192393635			-
af92ed7c9d94ef30b08f68944fd99d3b	2.95964754164			-
f_8fe8148b108751e3881bad5c90bc3398	2.6103128664			-
f_6bf6f5eae4bdcc15a6a398edb4f7cb03	2.61874603394			-
e9226299cb2da0174e614e2e3d6555d8	1.98192393635			-
f_6b9d9a81f75a4488d941bba2bea4e276	3.24516537113			-
f_254d025aa486dc327b138a6a8488c36d	3.58668982106	No	3.30210095228	0.00339932529021
f_18bdf93154cf69e1b5a141dbcbe965e6	2.15801519541			-
f_2fcfcf52c25f453f43a0dfdb74d7b415	3.37109002072			-
f_053fe8e52a76b1fe3a4550197370885f	1.98192393635			-
f_4574a5a47524864928208a5aa89d8058	1.98192393635			-
f_1ce6b03f55ca1901a6069934b9536054	4.04136112421			-
f_76656cd16c4da4b8488fc083cff5f307	3.04262177671			-
f6ec1017b7678f147c32150fe0305a32	4.38159765784	Y	4.08406889075	0.0158212711645
d9bc569808d6e3779660d109ad90bb4d	3.21237285773			-
f_276f80f358b5bf97fb7d5b56361f7a99	2.95964754164			-
f_1fb6a03247fac77654b49af43cf8dab1	2.5259919807			-
a950b08d6c4b35e036108b37ef41b54f	2.33410645447			-
bdb46afe37911d6cccb59dc30ce73d84	2.15801519541			-
f_1a982320634cf449416f8099294da873	2.73525160301			-
e7436ef7c8d278b24c19514d3969faa9	2.68089394069			-
dc4f437f88dedc32e5a765ef8538df69	2.28295393202			-
f_7ec8e54bd3237a008c4db0bdcffb7b8f	3.23112229375			-
f_6005f3e1512e7ba944486d983d48a7ef	1.98192393635			-
f_1e805575d7adc52b0f54403593af5fdf	2.42125663018			-
c4868fc0a982b30bbb51002cf389da24	1.50480268163			-
f_68259c9ecbadd42a330106348e52e404	2.88501392335	No	2.5743753531	0.0221635618605
f_4719e5681ac07ff082171c7af5e0f686	1.68089394069			-
f_548e22f7baa173b0f6fb2e1bc3c96aaf	2.91134286207			-
f_18c73ee511ac0b36e7d017a3a2fdb10f	3.32434661718			-
b0dd03184feca9136ec8da1c0b8506c6	1.8058326773			-
f_56cd04875a5b4ebbf355a193c95b2f8c	2.28295393202			-
b3fc533b3745b18d0c2343e77861acb5	3.37986394503			-
b7ecfff5a64803682a32b0966ce5c398	2.10686267296			-
f_26ef3c79a722603a948675bd6c19c609	2.15801519541			-
b2e1afec744e257e779ad655e0db44e7	2.42125663018			-
f_07e56c73d9bb60dedea02d19f72a1a98	2.58398392768	Y	2.4714088991	0.0394843766254
f_9f993dc9a9a42cb324a710ff0a59ad4b	2.7778039537			-
f_29a5dd179f38b15f46ea975365c154f7	2.91134286207			-
f_400ca47cf5531967da0016e4fd98b60e	3.66766567496	No	3.29648331725	0.000459688546788
f_27740e647969e0d19aa93d0f83a8d3d1	1.85698519975			-
f_8ca5f8f5108efec3619e2674f531e428	3.12805197203			-
b9cef35bab9a7ec7bb5d6259ac25d0a0	2.07883394936			-
f_61fe8453dcf6d90607d9155957062687	2.50480268163			-
f_5333b1c3f0e1e0257a8995a9c5f8a932	2.33410645447			-
f_3c3cb5c931a467ecbcc43800a1c85141	4.39911874432			-
dff15d2cae8efc6c875d7d08cfc197fe	3.97755913095			-
d2f26faada986e3fe7d7227c8a4396ca	2.37986394503			-
b560c453a4d5d027bf77b22a3117e002	2.45904519107			-
f95843a02554ac41c0b0093c3a9644cc	2.45904519107			-
f_256e3fd9521ff3ac85bc9d2e6298f7c8	2.50480268163			-
f_8d8dfc3447eb86c6020bd8aa95552cb3	3.02331662151			-
e61d96b782c236dd94fd71bd28e48b2a	3.47677395803			-
feab3d74f4f6904b31e0aee7f471e488	1.85698519975			-
be8ec52d6467dc48047ed846da2b3596	3.2989420374			-
f_5aba37364cb012400f266e5b32f10f74	1.8058326773			-
f_3b5843d7e49fc64337225bb1d6c01b4a	3.02331662151			-
a057aae3c3b62754d02a1ac0c77f892d	2.33410645447			-
f_665637880a3b75c1d8d813c0bfed3188	2.37986394503			-
f_0ce5793b8e4266a8dc0fb19d73a2a8ab	2.5259919807			-
f_34169faf75febc1c04f1a9f4278e0761	3.32434661718			-
f_173d4bb5125c6bbb3323b63c4f1dbbe6	1.98192393635			-
f_5cb70d7c4cf0fc0d3d94b34858be04b9	1.68089394069			-
f_116f78e42fa9aa8b556918ef633388a5	2.10686267296	Y	2.46812379197	0.0394258326294
a1bc996afbfa3f6311d198cad6c46107	3.36663567929			-
f_77dd215585c07a0af5512b2fa52043d5	2.40789266863			-
f_07632295d3d381267d7a75d90777c13a	2.5259919807			-
f_6e0c0a0d9223722d325e5d8143bbbc6c	1.98192393635			-
a4eb298e4dc21ed2e64fa03d8d76f326	1.98192393635			-
f_2c80789340fecf57268706f18d1fd4df	2.10686267296			-
f_75e41943607d3c8571b9c9e7440d10db	1.98192393635			-
f_2dc2bf0d7ad77571d9938da36ed48173	2.82702197637			-
ee89bfb0d4efe38b1dec151b436cf7eb	2.34990072165			-
f_84b57c42893b27a525d5381ad6bcbabb	1.50480268163			-
dcaeea7e358820b02397b680458175ff	2.87122563886			-
c5a51aa1b7be47fb8208706cf3f71539	1.37986394503			-
f_6ccc4bfa1894d36d27628b3641adadd1	1.68089394069			-
f_788822c3c76b54f278de34a7f29dff0f	2.49380729733			-
f_64518bf986f698bc1820054fe138340e	2.15801519541			-
f0f668e5f79443a7d1e7a0065091c95e	1.68089394069			-
f_177ee03fd6f57772c6962f6d66cc3c02	2.42125663018			-
e176a9f3b0785f5d38f92c2225890048	2.45904519107			-
f_6a17f38e4a40b7e75db7352b5ba35a4e	2.40789266863			-
a0c7391bdbc781b6591cda6b8f51bf93	1.50480268163			-
d54a3f8ce2f931b7f21727f3945fec0d	2.70892266429			-
dfee0febdf8935a9b436f772b0414ae8	2.07883394936			-
d6b7fb4e0b43a82e3c08f4f8fb6f693b	2.28295393202			-
c503f70b8bf437b217d0c6f52be04329	2.82702197637			-
f6e611c0154226004f96bbb65cd28ba6	2.58398392768			-
f_33252e89f3a795e32b31e9fe331a29d3	2.22496198504			-
f_6f9cb560f55fc7b4bd33db2e3c6ec9f7	2.45904519107			-
f_9eb7c096136b077fa79c4c7b1710ef61	2.28295393202			-
d795b25c794380c2fd6f9eef1243e36c	2.99264780175			-
a98a224be05f7ed02596dc72e3b457a0	2.07883394936			-
f_2b36000661a7dada1151ac6e8439768e	2.63513645013			-
f_3326268afae56fc5ca263a385ab32945	2.794837293			-
f_1f1621f36f663ad623806eb0f95b05db	2.88501392335			-
f_891b2ec236aa4b545378fb4004ae6676	2.84226194293			-
f_49a44a18c498aad528b893206b8907c8	2.68089394069			-
ec6253c7f3d42b0e56ff883e607dbc5c	1.8058326773			-
d5fbe108312b59f1315d326265673ef3	2.20377268597			-
c570eac9d8785fe4d9b20a54579a9d63	3.25299070864	Y	2.92369636734	0.0061752985535
e2f9939a88a3128baf0178b82a3dd941	1.50480268163			-
f_04e8249b67e4d32ea7954042c5f06777	2.7778039537			-
f_01f50de7cf19e25aae110d43705c3abb	3.76007518674			-
f_710cfa4f476d4d7bfef4373cc13fcfa0	2.68089394069			-
ccb25fe18ef97a38586c42a085169044	2.84226194293			-
f_94571878aed5fce0bcdd337681c7f8a0	2.34990072165			-
f_9d6c3829be92e35d2c729a06a07f9cea	1.8058326773			-
bd60f7e4b1d79bac9bdc892726ecd7a9	2.72228662585			-
f_2541420a89be8a18bf2db0f007557b4a	2.37986394503			-
d5764525fd8a92b0bb6e6b7777351642	3.4662237757			-
f_3379239b27ed3bb2856797090d4ba8c4	2.40789266863			-
ed6321d8ab977053b6b2645057063bee	2.20377268597			-
f_01dacd1611c39be90b314281526259c3	2.28295393202			-
f_28f523d68a0832968a7355e58051bbaf	1.85698519975			-
fe11c6b26e9426a20d9b2a8f65d62bea	3.84325917524			-
ee41b89426af6b53f552a12022930c2a	3.0330764588			-
f_236ee1eca75f247777f645f0b1346f5d	2.07883394936			-
cf1d18d69addfbc4b9bdc1e52e120e33	1.98192393635			-
efe4434719d145adcb1b073540a0df38	2.74159178104			-
ffa0b53ae59acaeb23a7281e03c5648e	2.58398392768			-
f_8f9049470569b0e3938150985ef2a7cf	2.34990072165			-
f_2dd0f5a4bb28c01f20a7d8346c605fcc	2.15801519541			-
b2981d5dd54de0daa97d0e9693597976	2.20377268597			-
f_27abf254412a6756b5f414ded2d0b217	1.98192393635			-
f_3138a67b87390f8d25e95bfcb94ebc9b	2.45904519107			-
f_43c8f5eb141cce9f341c81482c3902a2	4.11439709086			-
f_163843ed695c7783e7c061b61b0b99a9	2.65861754598			-
f_6baaa51b1f0eb189482c5e5a125637e9	2.74159178104			-
c50c05551e3260b496237902c70e3ef7	2.33410645447			-
f_88e7f0e8734eaba5aae62560a2d25613	3.0611051824			-
b947bef5d734e990348f58b5a1ff8f48	1.85698519975			-
f_7c867de9e08d99585d1b6953e434919c	3.67506439703	Y	3.31741302325	0.0394843766254
ab91b0f6f70a5993d5121cd2cfeb6422	2.58398392768			-
d312e024087511ef807cef98148f7f32	2.6103128664			-
f_1ccaa36a392199d8d76337276fb029c6	1.68089394069			-
f_2f65cc47867c0358b88f7949e03b4fb5	2.40789266863			-
f_008ecca12a604de7f31269b988c49c8a	2.15801519541			-
d04ba4f3b17850f36c1e5d36582cc0d0	2.5259919807			-
f_9e6f476523ba7a046fcb7c1ae5a9c124	2.28295393202			-
f_8700261dba6248b61bfa41942ff51b39	2.28295393202			-
d30bc0d87df34ce612abdfbce11a5d52	2.28295393202			-
f_1bae8864f920c2860d3a440432c472fa	1.85698519975			-
edac8603787e4464e5882e126349d48c	3.50043787623			-
f_86e5f41684e4875bed55edb6ee0b7a54	2.65093071731			-
ebc16b045b331039b22596478e021d28	1.50480268163			-
e479535db3aa8852d556c4aeaa64c1e4	2.76007518674			-
c4781a3c11accd1f20314d04de6b309c	3.19940788057			-
d70bb288063717a596a62cacd805f652	2.98192393635			-
f_4f508b9db3c4dd100163039e71a837d9	1.85698519975			-
e8bae8570062b03d1646e0bb1f4f40c5	2.20377268597			-
f_4ff69ae1168309a29f481fba99ae4729	2.07883394936			-
dd7fd92e0d420e5c89a786a33a246e1b	3.21237285773			-
d9459c5e12079288328b8110fa310ee1	2.34990072165			-
f_517948e6d775dca246ae950b8f2ab993	3.29367779741			-
f_41596103b2cec885c8f5dd3e85a2309a	3.44804980677			-
f_765be11912ab39153ab5e919ad2c5271	2.22496198504			-
f_6ea924c5994cc5c4120112bc0dee1fa8	2.70208323976			-
f_0131c4e6bf76e602a8f39e9c4a5db425	2.07883394936			-
f_374477e36a396fd7c58aa11403a90c44	3.19940788057			-
f_0ec40101eb3a6730c4f204bb2ba856b5	3.61874603394			-
f724c1400ac4c9beaba96cb33affb5a4	2.34990072165			-
f_1a8a66b433530557ea9f0aa081a916b1	2.07883394936			-
f_6aae692937a590afed4961998f461fe6	2.50480268163			-
f_563f49125b6de183d1310060c6dc0fa4	1.98192393635			-
b572a9a07d2840c8d1ca7675e4ec6d8a	1.98192393635			-
b4d38283191a33c14a9220b3a0317891	2.95964754164			-
e858ec6e2df15c0b2ba355286e47b2c0	2.33410645447			-
bf7ea2aa8e618a88788b0d27406bd501	1.8058326773			-
f_48aca1c6d47ec52df6f1fe672450738c	3.03628159868	Y	2.75648618613	0.0158212711645
f_715bf775be8aaae4ff188f62a2fb77d8	3.56170753297			-
f_2a757b79c4a18465a1d84542326f6961	3.8228660166			-
f_0328a9e5c3a2c31c55d235a908703434	3.79148365099			-
f_61b1ef09f91445cf1d6bff05afaa9540	3.20593874773			-
ae500bcd78881773dc9a5477a0fb9d8e	2.42125663018			-
aa75a2d708d00cae9c21cc3be2cbe3aa	1.68089394069			-
c3963d38fa9ada22598f0412aaf957ad	2.74159178104			-
f_25ca29660f092ceeeea9a36e268dbb0b	2.49380729733			-
f_328de8b25e4285b971fbdcd9e3162bf3	3.71964652968			-
c2a40bb606b028a8365242a2e9ec6a90	2.65093071731			-
f_411af3556e18f56ffabb95004b002a51	1.85698519975			-
f_13cb052c16be10b9ecc56923bdaa437b	2.15801519541			-
f_345b0ba27d663f3ee7d020d11711e319	2.72228662585			-
f_5cc85128d103ef423d341ce1f423bbc1	3.81655654269			-
badbc22e618a7a08ea347da8375334e9	4.04887072598	Y	3.72172880524	0.000476227502679
f_83c65c0ecd6344dfc093ee09912fc7f0	2.15801519541			-
f_2577b23282ce31a3fd60b6a91157f2e3	2.74159178104			-
f_3c9ce77a460e0794bd394b7142d50fc6	2.34990072165	Y	2.33163634818	0.0157972549532
f_287f93bb305ff107faf19c94991a6eca	2.40789266863			-
d4a81ce340bf13cf01b07205223bc997	2.88501392335			-
e4ac2e4c483563ee613075344d249abb	1.68089394069			-
f_92d7d4ed8f540b6a22c4ac069da43dc1	3.84375693401	No	3.66701562177	0.0223593491013
f2cde818049918282641f6574674db56	2.81122770919			-
e08d2e4dc80dfc87ca6ade1be68d633a	2.65093071731	Y	2.5902449472	0.0394258326294
f_445fb3aa90d0b4e73028e1d8198fb777	3.78810391034	No	3.44821461475	0.022320782804
f_4630988fa9c8c3ef5a861b3cce32d0c5	2.20377268597			-
f_826be98e28439cdbc5976e6596ea495c	2.5259919807			-
f_2c3c0e15865d0199c97604231c206180	2.99616437547			-
f_6cf554694a2a8b9851dc00fb11c405ec	2.28295393202			-
f_9aad024bf223f1a6e0dd688dfd616528	1.85698519975			-
f16c03ffd311b8dcbb0ea863a986d86a	3.18604391901			-
f_8cf30506fc1bda966716247e99325ab7	1.85698519975			-
f_1d0628ebc6d01e2b0dacc65b70821c87	2.68089394069			-
f_29185a5589c790f5f3420ca8934bc9f2	3.97018553308			-
f_7572445315a5528535cf1cd2d3b66fb6	2.42125663018			-
f_2b941db31a1a44a8dde1f4e5b6fd1fdc	1.85698519975			-
bf3682453f08c57cfa4ecf68cb6bb209	2.61874603394			-
f_85ab9572fa63e33d0fd0d4537c70cfd3	2.10686267296	Y	2.59472104398	0.0394258326294
a2bd7a5d5782de5a0e1b9a8d05ee5f2e	1.50480268163			-
ae832a496c30fdce0fa1cca6aa6a5506	2.22496198504			-
f_4240517a722cf624801851166df8387a	2.82702197637	No	2.67407942527	0.0399628969328
f_5de0a4609aa66cdb21998565a8c3c198	1.85698519975			-
f_446ddc82ac37f88765f4d87637baece7	4.56550052199			-
f_187fe711d2472a4b3a37413f466afbab	2.42125663018			-
f2ffd947a773648188637d7c214fceae	2.22496198504			-
f_4d132bf868808220a7cc8e1169158dea	2.33410645447			-
f_81a724a1bdb05dab9792207e216121dd	2.54619536679			-
b33d1b53cd41d43c941b2c79541ea225	3.03628159868			-
f_88896cebc4c2142a11f8ff138a6da391	3.08458627825			-
f_3e43983824574e0aef1828e340cdc581	1.37986394503			-
af130e45457d33112159066964ac0197	2.37986394503			-
f_31dd479463a197aaede9872b27a15a7b	1.85698519975			-
f_571bd520074eb20f44ebab34142d1ab2	2.07883394936			-
f_9b0f3510dfb7e4cfa8d9cf2a129890d2	2.15801519541			-
f_4218eaec4da93520b0f2eaf0041de469	3.17690053957	Y	2.86149563698	0.00616558177129
f_387dea43e6443f841dcec57e91e5df53	1.50480268163			-
db24f9290c4d474b646c28f7ab3a75ae	4.23173354576			-
f_71310c850cefbf8f3c0a8e80607583f2	2.97092855205			-
f_68d11a987309e60f13e089b24e3079f0	2.74159178104			-
f_125896c06f9b5dc2c5b4c32e81a5c4e1	2.5259919807			-
de0a4e6dadfc738ab36cf768068f1345	2.07883394936			-
f_3dbff4c180a830ab8870fa3256dda508	2.55595520408			-
f_929b25cb9d3b105eb48047bdc61d8268	2.88501392335			-
f_334ddcaebac0c31dad80daed24f88e5d	1.37986394503			-
b8fff4f78b823d272370b09beafde94d	2.20377268597			-
e232b971b22f11e32f770f9bbf94fa7d	1.50480268163			-
a8e09a8a698d69d6eaf781971ca9cb22	1.50480268163			-
f_1a48eb2ce7bf5f47736a525c2bdf0676	1.68089394069			-
f_20a40715306449de09f237ebc0c1d433	2.6103128664			-
f_75b6c8b68f39e586ab37f7d0f5953911	1.68089394069			-
f_1a1ce1b1a6e352d3b47df8be9c77280b	1.68089394069			-
f_0ba3411f35eb9f259f0f55a89dfb15ba	1.98192393635			-
e4c12008a24c2bbbfb014ea4d8df1e9b	2.49380729733			-
f_8d835071e4da37fd212344bd306f6cc5	2.84226194293			-
f_4607df6bd986d6b7f7a0a5d8b1a2532d	2.07883394936			-
ef1f23661532eb4ee84bc4965e61f28a	2.73525160301			-
f_0fdc999e94ed8f297d824d4b728b1cfa	0.0			-
c6dc3fa582b29f8cba562dab99032288	1.98192393635			-
f_338bb7d9991e214bbf60565dfe2a1973	2.07883394936			-
f_3f23b19bac3ea3553b3f2666857b72cf	2.93616644579			-
f_27c3334159450eb530ad4d5038a4479e	1.98192393635			-
c2dd2895b3c5370feb16bc9f5550f9d9	2.28295393202			-
f_3c726f246a308db33cc6fb90e1529885	1.8058326773			-
f_5420d66e334c358653902cebf8003c4f	3.57298854338			-
f_9fa0243d6800c61cf5c2098369bf15a3	1.37986394503			-
f_6998684fc07e7d253cd31e2849cd9dd2	2.93616644579			-
f_5b13321b3c031aa44306246a271b531a	1.98192393635			-
f_9721c24fdd0b0a63462ac2efd62da2c7	3.70619980595	Y	3.35000645942	0.0394843766254
fc804131c275b60a86bf3623aa9639cf	4.03882878769			-
f_4fbced73f1e198e42ad79c9bfee94b88	3.20593874773	No	2.85243458019	0.0400004878692
b3c73c9d27159c8c1e471f9ee8642dff	1.68089394069			-
f_9bd5c483c8701fbcb95614d598436adb	3.56170753297			-
f_08667ecea072bf21d3c981291508d402	1.85698519975			-
f_6f45cb444b900662dd709427d26a3474	1.50480268163			-
fbd089f8461dbc4918f7177f1a9a54fd	1.85698519975			-
f_00e9a919faaf13cf808e66c5b6892f58	4.22661329685	Y	3.8964967493	0.00753211593552
f6483fcaecb557528b0663e00aa532fe	2.82702197637			-
f_368b64a2d1b2f5a196c5cbc46c1a889e	1.85698519975			-
ea6d47f42251f62bed4f9e0eb57119b7	1.50480268163			-
fb4bdbd16b96c6d6b4dff0a9d8af1ac9	3.0611051824			-
f_51be5197c4e04d26d4d035d8b82643c0	2.22496198504			-
a3140ce65e2648b251092655110eb887	2.15801519541			-
f_18518dc6b55902c96a5628b6a1683284	2.54619536679			-
cf34df85adc7dda7f6d89b90bf12572e	2.58398392768			-
f_44e3b34b921ccfd44a1871dbd08f8005	2.50480268163			-
f_5baf147beb0c68dc9b28e8e709c82ba8	2.58398392768			-
f_1eba752f99a5c034607ceb495953abce	3.44056178538			-
da5b07342c77779eab99d44006c4e64b	3.22496198504	No	2.93221591242	0.00655399439345
f_4c98471f6effefa7877c3f47547bfa86	1.85698519975			-
f_64dd297098df57c485198222c79dbdce	2.28295393202			-
f_149672463bc525626562d8ab53399680	2.22496198504			-
f_88e10e8af2b2c9ba1c1115fd4a26ae43	2.37986394503			-
f_0fd2d12445afdd1184160a25a2bfb995	3.72030805987			-
f_2f36eaf4bfc98bcadd246e0b72388415	2.81122770919			-
f_6fa69cbf043afe1335d12ccb0eb880e6	2.15801519541			-
ecdbfed65e0ef40267db932050981164	4.08056766217	No	3.75007004767	0.0263592509604
f_561cc33aaae409f5181f50bc111bc19a	1.85698519975			-
f_7a4d058ae9e5f276d4c4108419f0e334	1.68089394069			-
b07e9503737d6933cef61ac887aa12bf	2.15801519541			-
f_320492e8d7582451f59258c5be017299	2.07883394936			-
b205809440113a3dce415bb518280b04	2.20377268597			-
fdb6797e6c23f63c4458fa14e75cadd9	3.56170753297			-
d4ea18eecc05d65683d394d4dce91bd3	3.17225563452			-
f_1b496a38baf11b0c66227017e7c12e04	2.6103128664			-
bec41cd6e1b5b61eb56d50c0b1820df1	1.98192393635			-
f_0866c04dbee92ab8cb097550a8ca2a04	3.68664626958			-
e233f65a0ba0345abc64031ab8e7b31a	2.07883394936			-
f_470ec322d28abdc632c2a1c3c9ee20d0	3.37986394503			-
f_2b84f33bb6d868c4a5bcf8ef3d5bf488	2.50480268163			-
f_444bb101a33f7641f3f72757ff5114b2	2.95964754164			-
f5427e7a83a0702b26c32815de972ded	2.07883394936			-
f_75be3651b9a4e2f18ab37f794a47e4db	2.65093071731			-
f_1cdd3b3f3548af64efae57e12e280233	2.28295393202			-
f_89587c83fb3fc8a359923a8fb82b2dc7	2.42125663018			-
f_9d0c7771d630feba28e7465e5828238b	2.5259919807			-
f_4a4fb21f3fa8f3d14d5e993a28d2d453	3.14329193859			-
f_51dd2caf93d6b86f35f01da42dc7453c	3.15071595667			-
f_643785e1f50926d576ba76147c0b653b	2.68089394069			-
ec3cd36f18445e52f980f4ea7e519284	3.0730044057			-
f_06215e92a88b4c0bc04db4407f457b81	3.99616437547	Y	3.70678806873	0.0150835787463
f_3454492d1551b8b6536cc0f4fac1bd3e	3.57298854338			-
fc00fcabeae23ca4eb463365342bf181	2.07883394936			-
f_26e1eefc5356d88450b74e2ee389d1bf	2.55595520408			-
f_9d1e8d9c258e3dab24a1fe8f80c5657e	1.98192393635			-
bb43d1141e0c8e9e04575ac642c9b073	2.34990072165			-
f31989a8812397b237ecbcc3bc6b21cd	2.58398392768			-
b41fe59af35b8cc76cfa291de5cfb454	2.99616437547			-
c81a99d324c939673a6010fcfc3661af	3.42518692381			-
f_23c2d0f31c82f0a1c9423d65b2aac586	2.42125663018			-
fe2ac5db4f156b40b8cadf2d296eb597	2.33410645447			-
f_23d36203f0f1e8278877645de1de38b2	3.07006002505			-
df1740957deeb11761bde4ef04956bbd	1.50480268163			-
e8f6da014aa6a0dc9afe44c31397b253	2.07883394936			-
f_6b17e823020cb9dd3d70de8a921ab334	2.54619536679			-
f_28a53ba2b628ccdb8c67869576ce8b7e	2.45904519107			-
f_529f72dc6878ba728637691f90708890	3.39689728433	No	3.2236063056	0.00654702638399
f_4f4a73c8c152cda310d91a8b1ad625c8	4.54934244203			-
ba99a1e307f3a33355c5233769c00ce8	2.49380729733			-
f_2f6a6bebcdcc153821745ca14d88697e	1.98192393635			-
d1396bde813cb13a78212a53c469174d	2.84226194293			-
f_673042dac0949ab7e4e93ffea84e137e	2.97092855205			-
f_1800e2d8d9ee88c910f56cb703379b8f	2.40789266863	Y	2.24274587248	0.0157972549532
f129764c0b6a2c09a814c82ddd0ccb2d	3.16756051332			-
f_68cf354ea78bca54bb911c7b0ec7fee1	2.61874603394			-
f_80e04bd0bb09ff810f0b7f87445d6a41	3.59116251231	Y	3.15447362529	0.0245823358072
f_70f60792f76eb153eab811f371484ec2	2.37986394503	No	2.48765680254	0.0221418471378
f_42ccbac549fd45a3be0978bf946416e7	2.91134286207			-
b37db5bd4cdf794171760d28d5600886	3.4010532441			-
f_896dab9efac852b692ed747bd4b5333c	3.84919495532			-
f_2f85b494f5658d64bf04ffed1a05ba6a	2.22496198504			-
f_5907a41128733ae9bf169daee6d2e118	2.15801519541			-
f_7b557c1e5f4fc59316123b94440c694a	2.07883394936			-
f_7b69e392cf9280058fce0886eb58cc22	2.54619536679	Y	2.44027139971	0.0394843766254
f6ea171d5bb51e45e8fcd2ad4ae8df7c	4.53732071316	No	4.24893313434	0.0130173901821
f_4bdd501cc61750fa0aaffa584a32106d	2.33410645447			-
f_0f72cf1510355ddc43decaaf91e4ae79	2.20377268597			-
f_9a985b4e4976e5c0dc95bf6beff2fd7b	1.68089394069			-
f_272076209f39363b7ae6fafc125d9654	1.8058326773			-
d71547466afc684d41fbf604f98926fd	1.85698519975			-
f_944c0983be4da13b9caff59fd9873beb	3.19277730167			-
f_2b9ca544156abee649d475e44e7906c8	4.79249246557	No	4.42512121249	0.026926525361
f_2dcbe48e773bc8af8acd18389368867f	2.55595520408			-
c3b3027aea764015989f5fc8ea7f55e5	2.76007518674			-
f_7ff385416c8109f5c0bd3abd7bee5d77	1.37986394503			-
f_01c2cd17c388e5464f516c1dc9911619	2.40789266863			-
b81c4cd684d13b48d88c4dd1b539dfab	2.34990072165			-
f_719e65f1dfe3180fc1520039c3506275	2.70892266429	Y	2.46172389239	0.00616558177129
caa8cd088ae65ffb65cf475d81135186	2.6103128664			-
f_715b97b31bfe304e76d3b7be2454ca20	2.34990072165			-
c2e7eafc21addf55f9cc9f9d4e92b211	3.62537661284			-
f_8c9791ce93c974528fd51582daa751c1	2.15801519541			-
f_43b42e41baa97a62db70951b1ffdb043	2.15801519541			-
f_1ffe4d39dadddae351e59bf0d0bfa4e1	2.96720067953			-
f_55ff111698873e7d223deecd590cdc72	3.46384407396			-
ebe1a29bac091409ec740122352c5a75	1.85698519975			-
f_32ba955853f5d834f5acc051f1833a13	3.66316517373	No	3.33709032443	0.00339932529021
f_58f3daf0ae7fef4d3bc4ef02e4a7c8f2	2.58398392768			-
f_5eb829390f2b5f4dd5ec0904fd4e2eb3	3.09586728866			-
f_6002fa67d7d0554aa367193fb840603d	2.58398392768			-
f_0b8c29f93bb498a1cc2bd6ca067ede80	2.22496198504			-
f_0c480bf73faf15402f98bf3781c96fd4	2.65861754598			-
a356ed2a4afc882734ccc4598d3f6d3a	2.34990072165			-
d24c0adb1e00fd339a5892783838c2b7	3.44056178538			-
a8b096aba94672d496215d580a96ce5f	2.10686267296			-
bb75c7bc3c852baf4ecc025ad23f7d56	3.8014678719	No	3.49708905033	0.0059785056902
b5488bd83d4ed5b6c902ba14351e8e7d	1.85698519975			-
cd5d02a681034c35541c5eb5f6d8bc5e	2.6103128664			-
f_3a54cc826b4ccaca64904b55a29ebdc3	1.98192393635			-
f_87a3745255cbcda2e949945d9069f304	2.63513645013			-
f_1d93f2aaa2f0ef9feeb9873f94ebf501	3.61286005542	No	3.32419230963	0.0400004878692
f_2cc9558d626b677605a361ed9b0b1518	3.26067753731			-
f_0e7cff1baf52922dc32b72476f20c2ee	4.4473067878	No	4.17808182738	0.00227203948147
cabd85d7a0e32cf85fcbf76924899950	2.6103128664			-
f_46163eb432246ac992c7832b604e54c2	2.49380729733	No	2.33218018799	0.039850176181
f_7d81b03e9102d60530679514a7e05e21	2.68089394069			-
ecc331b89944db86a61fe48a84b4755c	3.66617068387			-
f_2d7de78e51254aff40f88110e7df32a2	1.68089394069			-
a362544ccd4b2230e4d22b5a0c78527b	1.98192393635			-
f_6441568eeb7f6e790f8687be306dddb2	1.68089394069			-
f_024679ddcd8ba80585cee45005086a2d	2.15801519541			-
f_8ec7bc77e492531dd2057cbb7f16f085	2.37986394503			-
d6fc5532aa111574979127c219abe424	2.07883394936			-
bd771cde53dcc057f164d069b98411d4	3.88861804761			-
f7cf6ffc3ac61cb0114c6ddc57cbb19d	1.98192393635			-
f_81c2a0025909f64376ec3e984a4b2faf	1.85698519975			-
e4721ef66caa733bd0fd5751700ce4eb	2.72228662585			-
d5fcee84ea5b9f719ce8f6079834480d	2.84226194293			-
f_98982ad6064699f5632bc562c9de8c3e	3.24909566476	No	3.00410320931	0.0122495265114
f_884f6fb7eba2a2df2b928329d03dafee	2.42125663018			-
e30b353d2c49051fe9ec9645f1896d6d	2.22496198504			-
ad39f2a2446b4b6317640326e11de892	2.20377268597			-
f_9bd06dccfa532b0ff0340efb2ef62622	1.8058326773			-
e2b80c71ce6db1c88a12bc41897b0ce7	3.22496198504			-
f971543faf1e3d388f168c9a11b5b0db	1.85698519975			-
cf5e5bd74edafe46fce836e8d016b15a	3.55595520408			-
f_68b3eeebfc8a75c7920569078aa5e54b	2.8058326773	Y	2.65369316319	0.0394258326294
b2b456c5ba3ae87dcc20d0ea330029ed	1.8058326773			-
f_1c768428e37fc90a1ae0f457ff9551f5	2.70208323976			-
f_422dd0c663285a3e6d8a75448e7fb2e7	3.31771603828			-
f_1e7af331f5614b4d83cf3323603c2695	3.59116251231	Y	3.25138538051	0.00615587325671
a7c6fc4735617ba0a13b6437ba9c4f3b	1.68089394069			-
f_3a5b617913bf0b1bfddc8af50097a321	2.40789266863			-
f_5deb5ed978ff47e207b220d838224ec6	2.85698519975			-
f_7e8737af6a467b50bc1aacd373097c39	1.8058326773			-
f_59a8d2c498588713cb40017bfdaec718	3.48707391467	No	3.22349162555	0.0400004878692
f_8f93150c99bb01d48c0b3e718ff7a366	3.24318680515			-
f_0193213bf09f4fa5cb0f0959f6d99e41	3.45419268828			-
c8253318c8e11bcba6994bc86b473285	2.40789266863			-
f_924c5ce84e1e7fe52e2c194ccf09bf59	2.07883394936			-
f_26e953002a5894430da699d814e94c50	2.49380729733			-
f_8cede7cdf30520a58c3d78a857014205	2.22496198504			-
f_8a11992c5016f3b871bcb727a8cc4c0d	4.22989720272	Y	3.95382592082	0.0394843766254
f_012590796dceb2653dd46e29caa03955	2.40789266863			-
f_017b7db772cf745b2a70595893dbf6a7	1.37986394503			-
b1f7d12757d946389368d228f7be6085	2.15801519541			-
f_12a3c3c32b168ca0655078c8fd09bb84	2.15801519541			-
f_82f3c4c766d43bafa185e488b15fab0e	1.68089394069			-
f_0cbb0bb607c9bca0bf4eb1b0e82c5bfa	1.85698519975			-
a818134a0b2a8d1545b8c12be64133c0	1.85698519975			-
f_59c012a3e9e8b6c5841e667021b91efd	2.45904519107			-
f_86ed6e55634658f35f80a2014b67cf29	4.05503103469			-
f_3d00b9abbe20692cd4475c080390297b	2.99616437547			-
f_869e382015da63c5b7204666542b08bf	2.28295393202			-
f_4295c195c66392609933f6c529e45650	2.22496198504			-
f_9273c9c12b7b8982706b3de380ecb68f	1.85698519975			-
f_23625b0c037267a239e9878a66b945ce	2.10686267296			-
dac8893c2fe5db104ec861e1a2c67c1f	3.21237285773			-
f_91ecdabe8dfe13c319df14bcf294e06a	2.15801519541			-
f_16b12fe46e53556bb92ee501399a4b2c	3.48707391467			-
e03656c9dff650f86b7021b930e92b52	1.50480268163			-
f_8664d2b5b7f47e2bfcd1d90438d4551d	2.42125663018			-
abff59502419774c7b93862eb6488652	3.66542125403			-
f_96cb13df2a88b0c83d86e8e18b0b957a	3.67212001638			-
b0a7afab59181aaf942348aa65a67f31	2.58398392768			-
bdf196996131af1ac43d6eed1e4391e4	2.28295393202			-
f_26204cf7112c0178da486776a7113c85	1.85698519975			-
f_809ecf1662910a04426ce4d9c86afc3c	2.92393198938			-
f_511b496bba1624f0f7e1b6c35916aa65	2.68089394069			-
f_24fd564ac97af1fc07139f9765328c19	1.37986394503			-
f_20964ce9f1615445ed7ae2aabb6005ba	1.98192393635			-
a43cc22e0311eb28220832fc04fa4d9c	2.72228662585			-
cc87d0966ac9b57a0f63e77cc54f49e1	2.50480268163			-
f_1218aba74db5ea7c80b9779bf2d995eb	2.794837293			-
f_268d223bfd60f5dd5f13b48ef1a171d9	2.68089394069			-
ef48a3e55f543c8355a1c9cda908eb5d	2.794837293			-
fcc2fb3189540f7d72597f0099880b83	2.93616644579			-
f_02c5805397589c1db6ee3d72f38b1367	3.1357388007			-
f_1b626d7b1a4942dbe0b3b3bd78cbaf53	3.07006002505			-
f_2cd01a4e0b7cfdfc262bf9292c935e15	2.20377268597			-
dba6c3d5171d34b0930aa57098c1d58a	3.2682306752			-
f_6a0c1cd70d6ec10af406a2e32c17bac0	2.07883394936			-
e87796e1c3e27ffb836d141fffd63ef0	2.87122563886			-
f_1ba4d357b6973e2bf09beb30d03abb2b	1.68089394069			-
db25c2b6a130eccf4b9026f3f2d1026b	2.55595520408			-
f_748377740c9278c77edd06581c5c421e	2.54619536679			-
e8de19f83cb51f32c4094dce1098dad6	2.10686267296	Y	2.39711943744	0.0394258326294
f_195bfa6f581be70f95b3e49ba7bfb8c6	2.42125663018			-
f_57a4aca4aed837c224a3dc227ece50ea	2.15801519541			-
c97f6af611bfdceda0b722622d6f90db	2.73525160301			-
b3795289a49d13c37f6719cf05d72e03	1.85698519975			-
f_2cde9c99d3230bfa1079aa1c2fbff421	1.98192393635			-
f_0085f0a9a848b99c1fa2fe97583cf32f	1.98192393635			-
f_93b46d7575a82115c067217d627bf342	1.8058326773			-
f_79248deb0b759e979510450ac6df7e71	2.07883394936			-
f_598a1b7044c8dbffa16292d4995db54c	2.45904519107			-
d24171a0b683e4440581986b79442db6	3.67506439703			-
f_8b0927ab2a688fd071f6483e931a9479	3.53519998249	No	3.28753934812	0.00654702638399
f_0cfcf4db6478e7ab2b9e867e1679e082	1.37986394503			-
f_2416e40836f365dc7d1299bdef9416b6	2.33410645447			-
f_2230b4f5a28935ca094de4813bee9457	2.93616644579			-
d6f85695ccdf1644341bb5237159b9ae	2.8058326773	Y	2.64549345725	0.0394843766254
f_26888bad0cd8c6ae57af7b7de92a5640	2.6103128664			-
f_15fb696f0471011b9b3c29bc3b467b9c	2.15801519541			-
f_0003b2d7b635944ea708407b75f392f4	1.68089394069			-
d90a3687aac8e6c96610f4d7fc128800	3.17920449448			-
f_236f09fbef0713811216062ab8b54098	2.84226194293			-
f_5158b640e4e5c2ab4436977d95fdf534	1.50480268163			-
f_58f9bd4d67d460eefcc6cc28028c9539	2.22496198504			-
c6097584d8a3aa9c2080056045f216e3	2.74159178104			-
f_5e594a29e3393825499e1a9a0c210ea0	4.54659000061	Y	4.22308497155	0.0180549976566
e62f660154fac40efd3def2df279c71b	1.68089394069			-
f_95d52c8631d20bc33a919212e63088cd	2.22496198504			-
f_4fa518ed0d51493b67f30bb5d1dc2860	2.58398392768			-
