	x
5e594a29e3393825499e1a9a0c210ea0	0.0103839011359978
954ce9a7ede67cd652c46b8d2b76f22a	0.0316414102943208
446ddc82ac37f88765f4d87637baece7	0.046620362348983
7ffa9ff02ae5f830ea8b4ea9c4908d28	0.0316414102943208
02bddf815fc6ec58e0ce1a8f1ce8612b	0.0625481335293325
43c8f5eb141cce9f341c81482c3902a2	0.0885285150780207
00e9a919faaf13cf808e66c5b6892f58	0.00589094845687045
fc804131c275b60a86bf3623aa9639cf	0.0162346421003392
208bee72dd6f71715fe9a85a6740f90f	0.0316414102943208
2cd291fafb8383e84da700a1ba9025fd	0.0772478500075302
29185a5589c790f5f3420ca8934bc9f2	0.0316414102943208
1b9cebbc4841c2e62e30bee82e0a2e0a	0.156573625475367
f6ec1017b7678f147c32150fe0305a32	0.0032315852587581
dff15d2cae8efc6c875d7d08cfc197fe	0.762317118338095
052c54e9e757c91519c3123cc36636ee	0.836062788872005
360959711fd78a186b3f0ecdbeebbe26	0.13048374575595
b30870ec90cb1da81c6a257b94cb3fdc	0.690669558044928
06215e92a88b4c0bc04db4407f457b81	0.00262561365304719
956f202ac5c3595c5435540cfc374fb9	0.644355254361467
d328821148aadec372ae2badf830a0af	0.811285521760477
f70a02fcbd4f653788850f5a8dfd6de2	0.644355254361467
068db80412ea0132c5d3ef84cdad981e	0.315945111098523
81230f14fc1bae46d60183250ea7f53c	0.644355254361467
34bc020ac1533729b15487fed53e6831	0.0625481335293325
6b9d9a81f75a4488d941bba2bea4e276	0.0502420753144488
ce35522e0736a1fccf9e21ae14c3ee06	0.41690006713941
9a99b13d04559f94c05d994d54244ca9	0.0625481335293325
4f4a73c8c152cda310d91a8b1ad625c8	0.0432209320321406
21ac9338cd769064dfe183a59386d345	0.208568580065358
34894de27388b21d384875822b942a01	5.6440346457885e-05
db24f9290c4d474b646c28f7ab3a75ae	0.13048374575595
bf7ea2aa8e618a88788b0d27406bd501	0.0136148095099289
86ed6e55634658f35f80a2014b67cf29	0.186440463127413
031bc6bd8ff9a25f61b6ec8846a11de7	0.00648970459188632
68b3eeebfc8a75c7920569078aa5e54b	0.0177035064394353
7aeb68c9d93691468cd1c410902e9756	0.107899975348336
9d6c3829be92e35d2c729a06a07f9cea	0.0209941197330234
18518dc6b55902c96a5628b6a1683284	0.0177035064394353
4cfd39842c1be76ac658ee44d2feee41	0.00438158790530626
0ce35e7f3795a53326b6e649d4770275	0.186440463127413
550044eb2e41142ec4f5765aa5aaf1c0	0.0269264063087177
2123f462a1d5203b292e6711733097a1	0.381311432156833
c53af32783105c989d18c3f24dca28a6	0.00110176513657777
44e3b34b921ccfd44a1871dbd08f8005	0.245233825746933
ec47fbbb5cef20382f9ea775fae4826d	0.00648970459188632
87d8b4672ebd6a23672f1318b578cc39	0.0113757209999605
c129613f8c0f4442385abbf5b107a4f0	0.0671670946299399
777bb4ed8c93d56694eccd2578cd7c38	0.147470117764836
bd771cde53dcc057f164d069b98411d4	0.599381958669888
cabd85d7a0e32cf85fcbf76924899950	0.0625481335293325
208091cda60ecd05d2e67b9f4a828751	0.786695865563966
3b5843d7e49fc64337225bb1d6c01b4a	0.286199099875456
b0dd03184feca9136ec8da1c0b8506c6	0.0192875644635292
2a757b79c4a18465a1d84542326f6961	0.0177035064394353
f31989a8812397b237ecbcc3bc6b21cd	0.667353998971177
01f50de7cf19e25aae110d43705c3abb	0.0113757209999605
b37db5bd4cdf794171760d28d5600886	0.0248054710186055
f6ea171d5bb51e45e8fcd2ad4ae8df7c	0.0671670946299399
d297fe4d3e4aaf5983649f10278d629f	0.0032315852587581
f6a0e0aa9c7bbb23ea4e71a6462c1c10	0.176049753048637
0e7cff1baf52922dc32b72476f20c2ee	0.00291425539943328
b520a210fe1759dc0e0e6be52a44c5e1	0.4738037454368
ff71a1de7ddbed2f5645938d49c7df38	0.621691998522957
1d93f2aaa2f0ef9feeb9873f94ebf501	0.667353998971177
445fb3aa90d0b4e73028e1d8198fb777	0.0827324592073533
143fec38bae53c3da379bfb8ef1d9891	0.0720632090509136
fb4bdbd16b96c6d6b4dff0a9d8af1ac9	0.331553420934292
ecdbfed65e0ef40267db932050981164	0.0400333737634289
bb75c7bc3c852baf4ecc025ad23f7d56	0.00785398633703156
b9ad793aff859525b4d66ff8316aaa90	0.147470117764836
18e220f7a1da36f66ae3734a54642936	0.621691998522957
177ee03fd6f57772c6962f6d66cc3c02	0.147470117764836
a43cc22e0311eb28220832fc04fa4d9c	0.644355254361467
bdb46afe37911d6cccb59dc30ce73d84	0.147470117764836
d0707cd3daa19cf854c010305df6f93a	0.147470117764836
407053a4af37e4d659622fdc3fc7358a	0.599381958669888
038765f119978aaa180bf7d8de851dd4	0.0269264063087177
dba6c3d5171d34b0930aa57098c1d58a	0.45437596769703
4a4fb21f3fa8f3d14d5e993a28d2d453	0.245233825746933
0bb5cfbfe92b79cc85adceaa301c3b23	0.644355254361467
d5fcee84ea5b9f719ce8f6079834480d	0.911279301082128
63dff133ebc414e502b98044fcfab544	0.621691998522957
6998684fc07e7d253cd31e2849cd9dd2	0.331553420934292
af92ed7c9d94ef30b08f68944fd99d3b	0.836062788872005
b4fdbcf6833a464c4b0509e95f722390	0.762317118338095
158c2eae7e0bb5767c731f64091dd0ca	0.331553420934292
837332d67b59de3ac74891c3a1480f63	0.331553420934292
64518bf986f698bc1820054fe138340e	0.147470117764836
4875eff948215dcfcf58ae9ffca55655	0.331553420934292
02861f9948b583dac4d6a864cd1263e9	0.555887469854573
f5f110076ade8f60cf67a665b51b344b	0.0228307828483426
d4871227284c323dc6d9069f759d4b8b	0.667353998971177
ff1f8dee86478308bbeff1bfc6bed115	0.331553420934292
6b415673da0fc1b3f30ca47ebb250fdc	0.738171952874577
449523f8a495d62cd9b61d6cdd9c10a6	0.811285521760477
edac8603787e4464e5882e126349d48c	0.961912623745418
51554d0d5b711a534b56ebc00d2ab382	0.667353998971177
5420d66e334c358653902cebf8003c4f	0.147470117764836
a9ccee7ec7f52cc52edef66c8044299b	0.0432209320321406
4240517a722cf624801851166df8387a	0.667353998971177
7e4a04288b6d94e8632abdf0380bb592	0.331553420934292
c2e7eafc21addf55f9cc9f9d4e92b211	0.534733410278981
44a3cb8dbadcc938b73aebe5c7261124	0.861003809568946
2639f76780c61df19462b152bc398bb1	0.621691998522957
989c5113d9748121cdda78f95450fb20	0.621691998522957
55ff111698873e7d223deecd590cdc72	0.786695865563966
422dd0c663285a3e6d8a75448e7fb2e7	0.493679607072385
9bf39eef48ca475e697bd732831ea33c	0.331553420934292
b41fe59af35b8cc76cfa291de5cfb454	0.286199099875456
08a06fc969cb7719eb58bb70295a1946	0.555887469854573
0ab4107432539cd51d3e2926ada4e865	0.0432209320321406
765be11912ab39153ab5e919ad2c5271	0.176049753048637
411af3556e18f56ffabb95004b002a51	0.208568580065358
81a724a1bdb05dab9792207e216121dd	0.398866823338274
9b3fe19eec16d12f7e69e696667804fe	0.621691998522957
548e22f7baa173b0f6fb2e1bc3c96aaf	0.51399329035963
3326268afae56fc5ca263a385ab32945	0.331553420934292
a950b08d6c4b35e036108b37ef41b54f	0.331553420934292
45c71d28f081fd78ac2cd691eb45b4e7	0.331553420934292
bcba65cea22f5fd3479a40424f0e0ddf	0.208568580065358
d06a4dfb351dfdb47dd34615cb48ff06	0.621691998522957
86ca7f392a8f3f80ecc30b3ca543c9b0	0.220320817440077
5f9c797844d22cddc50d52a1158500ab	0.331553420934292
27740e647969e0d19aa93d0f83a8d3d1	0.911279301082128
36634d7bdb620c5c831a8cdb5b72e487	0.51399329035963
a3140ce65e2648b251092655110eb887	0.435405407234628
ea6d47f42251f62bed4f9e0eb57119b7	0.0827324592073533
2a5d1c5b2492bbdefcd28dc25379289f	0.621691998522957
5333b1c3f0e1e0257a8995a9c5f8a932	0.36423854216523
1c1610602543e4f9bbc316d98a385243	0.0209941197330234
bc1f5b1e64e61c37e2ed52a83a39ff00	0.71428235379895
20a40715306449de09f237ebc0c1d433	0.987299918796302
5907a41128733ae9bf169daee6d2e118	0.621691998522957
2c14f8314d0330503bad44e7bc1d65fa	0.577441875751585
51b64448cdadd9252de2539e261be10a	0.555887469854573
59a8d2c498588713cb40017bfdaec718	0.51399329035963
76656cd16c4da4b8488fc083cff5f307	0.138776850646122
667dd4cff5aeb7f3c6a805510976f3cc	0.836062788872005
47eb23e8d958212f06667c73b27e1153	0.208568580065358
673042dac0949ab7e4e93ffea84e137e	0.208568580065358
984b13c33e055d9196bf018e212a87a5	0.961912623745418
5deb5ed978ff47e207b220d838224ec6	0.208568580065358
3dfc8833d5b5e1bcc67021bade889def	0.208568580065358
ef48a3e55f543c8355a1c9cda908eb5d	0.138776850646122
d312e024087511ef807cef98148f7f32	0.208568580065358
7675d2a73220b2e9359661a0a72664a6	0.208568580065358
6e757a3ced98241d86771a5dda65e1f9	0.208568580065358
e557bde11898d4abde91e96256327e9d	0.208568580065358
220d59763ba444935347c0dffdb5c5c7	0.208568580065358
08a7b93d8a83b8cd3d26a61f8915e5b0	0.762317118338095
44d54d6783887711abb1f9d6cd417c65	0.398866823338274
ef37034887935171f33c3e990b6906a0	0.435405407234628
fde2d38516fafdd25b0149919146514b	0.493679607072385
9ca5d74763b3c7223f892c58cf4b66a8	0.577441875751585
acb367c91a0e13eaa2b9a395b9089688	0.738171952874577
1bae8864f920c2860d3a440432c472fa	0.208568580065358
575eab82275d703e7072061f8f71178e	0.208568580065358
3c726f246a308db33cc6fb90e1529885	0.138776850646122
dadb2abdb9ef7d4aa7b12d83aa691d4e	0.762317118338095
2439ad224d9e92d657aa8523b367f6af	0.208568580065358
24ca2a131f70429e08557d2226f667b9	0.208568580065358
2cde9c99d3230bfa1079aa1c2fbff421	0.208568580065358
e090877134ae3e4f683c6b9cd4448149	0.208568580065358
9b0f3510dfb7e4cfa8d9cf2a129890d2	0.208568580065358
258c9bdd1ca406e1b822ccf71f2a235a	0.208568580065358
f6e611c0154226004f96bbb65cd28ba6	0.690669558044928
9fd3a46a94352e5d4ed04691b4b9101f	8.43429718598886e-05
268d223bfd60f5dd5f13b48ef1a171d9	0.347651710137571
d9cf4df439a8a5814c4089e78066d745	0.00291425539943328
87a3745255cbcda2e949945d9069f304	0.738171952874577
badbc22e618a7a08ea347da8375334e9	0.00123217193592546
6754225ea52475cf3ba742533ee6849a	0.738171952874577
929b25cb9d3b105eb48047bdc61d8268	0.315945111098523
fbd089f8461dbc4918f7177f1a9a54fd	0.762317118338095
b33d1b53cd41d43c941b2c79541ea225	0.197277497794561
32ba955853f5d834f5acc051f1833a13	0.0342534113198752
d6053907c1f01d3f6ec2c2f1cca73801	0.208568580065358
b3fc533b3745b18d0c2343e77861acb5	0.0625481335293325
9aad024bf223f1a6e0dd688dfd616528	0.435405407234628
750f4db752c65cecc4d3817e950032b0	0.786695865563966
d04ba4f3b17850f36c1e5d36582cc0d0	0.836062788872005
320e08df14153fd1950f4f9c03bdca61	0.667353998971177
35ecd9211900c6a9447800b4f04c961b	0.0342534113198752
f1b9aad2a1c8dda9133befb754475f79	0.435405407234628
748377740c9278c77edd06581c5c421e	0.272059289748645
70f60792f76eb153eab811f371484ec2	0.107899975348336
011dc0f38bc39140127471bbbd2c159d	0.435405407234628
15bc23332c53205cf5bfa8893c56c642	0.534733410278981
18bdf93154cf69e1b5a141dbcbe965e6	0.886084236014985
b647a155923cc0db970932d83e3ec442	0.435405407234628
2c003daf0ce04f5b068b137c97fa1cbc	0.435405407234628
8c5da13949c9b1c46451947ef7d940fc	0.51399329035963
ee354f6cb94a0c8def2acf0db62f176f	0.45437596769703
89587c83fb3fc8a359923a8fb82b2dc7	1
d8397c7fa50f51aaa37f138c36456fe9	0.331553420934292
387dea43e6443f841dcec57e91e5df53	0.0432209320321406
b2d66cd6540ff7540c25576d34e19f40	0.4738037454368
5158b640e4e5c2ab4436977d95fdf534	0.667353998971177
334797f0eac2c404ef9a0da199c1ed0b	0.186440463127413
400ca47cf5531967da0016e4fd98b60e	0.00171374872223273
ffa0b53ae59acaeb23a7281e03c5648e	0.534733410278981
2c3c0e15865d0199c97604231c206180	0.71428235379895
d605987187b831697202f2920b9b9cf2	0.886084236014985
4295c195c66392609933f6c529e45650	0.347651710137571
0085f0a9a848b99c1fa2fe97583cf32f	0.315945111098523
2a5ff05815d819828975de2c4964c960	0.45437596769703
a6eec35bd040a0fd85319d77ed77cb8d	0.836062788872005
c46f54f23c54e7132eb9aa1e024b782c	0.811285521760477
e70cc3e5b222f4a850dbb563c72ff45e	0.0032315852587581
3454492d1551b8b6536cc0f4fac1bd3e	0.300827195941201
6f320135335fe3dde2b5eb44d532a53d	0.41690006713941
2fb67f5c783ee5b2d583a41dd2fb2bef	0.00714265584952082
4e7b39f2a5600877a4407ca807218fe8	0.36423854216523
1fd9732617c6635aeca826b960787406	0.836062788872005
a3e406429627f5c4d2098ccab56555d3	0.621691998522957
9e9472aff8ab2952afb813d4e46adb1d	0.621691998522957
6ea565df6378638622d090258279f1ed	0.381311432156833
1c768428e37fc90a1ae0f457ff9551f5	0.786695865563966
83137614212aa52a2b1edd7e5d62f4ef	0.381311432156833
6baaa51b1f0eb189482c5e5a125637e9	0.186440463127413
d1396bde813cb13a78212a53c469174d	0.861003809568946
da5b07342c77779eab99d44006c4e64b	0.0581950507611176
db25c2b6a130eccf4b9026f3f2d1026b	0.435405407234628
715bf775be8aaae4ff188f62a2fb77d8	0.786695865563966
e479535db3aa8852d556c4aeaa64c1e4	0.644355254361467
65d96f6eea2705802f40b5d07f9c0800	0.186440463127413
e4721ef66caa733bd0fd5751700ce4eb	0.435405407234628
7cc6d4200880b7441c19ab60d88cf312	0.599381958669888
466289ce053f74f5606ee9e706ce13bd	0.690669558044928
298b081d9e663a4d804ed52c19c5aa22	0.435405407234628
302f11395f4c84f74ea33f22c0f57835	0.861003809568946
cbfe43e42f42e80360fd2cbcd750d17b	0.208568580065358
04e8249b67e4d32ea7954042c5f06777	0.911279301082128
bedef8c7a888dc1731b64eb305d30634	0.861003809568946
52189f7b3ef231b8c257af9d54c08e3e	0.435405407234628
41a8e5a76f1641f661bc2b60ddf19d5a	0.762317118338095
d6df03d3a0f1617fc1ff0d7c7a20de0e	0.0671670946299399
bb241054f6824c401671445b7f3c8ade	0.41690006713941
aa1763a0ce609292d4fffc9e8f29b73a	0.331553420934292
1f1621f36f663ad623806eb0f95b05db	0.347651710137571
2b36000661a7dada1151ac6e8439768e	0.156573625475367
529f72dc6878ba728637691f90708890	0.0540966972304712
b6dd24e190d913f20453e0834b2643a4	0.0671670946299399
287f93bb305ff107faf19c94991a6eca	0.046620362348983
5e76a817ad6d205172dbc02128091954	0.51399329035963
6311c6b216c07a907079094b9b272fa2	0.786695865563966
de0a4e6dadfc738ab36cf768068f1345	0.258405310910361
cb8782ec5dd0021988a8257d7b3863e1	0.0625481335293325
b369a653e77cf04148f4b2de001c86ce	0.36423854216523
b78329357a80e123d34b400dcfe2ebf5	0.272059289748645
3c6330e7e387c98b47a658e9ca1ccb46	0.0671670946299399
f7cf6ffc3ac61cb0114c6ddc57cbb19d	0.762317118338095
f2ffd947a773648188637d7c214fceae	0.577441875751585
dd7fd92e0d420e5c89a786a33a246e1b	0.836062788872005
88e7f0e8734eaba5aae62560a2d25613	0.861003809568946
7ff385416c8109f5c0bd3abd7bee5d77	0.176049753048637
99c4c527b611ea7b3e223674fd5cfe6f	0.690669558044928
23c2d0f31c82f0a1c9423d65b2aac586	0.987299918796302
5baf147beb0c68dc9b28e8e709c82ba8	0.258405310910361
a4eb298e4dc21ed2e64fa03d8d76f326	0.115056114931468
e7436ef7c8d278b24c19514d3969faa9	0.41690006713941
285b880884becb06e6b7b5b675598bb6	0.208568580065358
b07e9503737d6933cef61ac887aa12bf	0.435405407234628
85c868b29de1b7f4cfd88e879b31bf77	0.435405407234628
3fe467ef1e40167d2b0c72d59b65c6dd	0.186440463127413
2be3b381b09e23005a4041a34225b1db	0.381311432156833
52165b78ccda4e6fb3948a6b8719f3d4	0.435405407234628
01dacd1611c39be90b314281526259c3	0.861003809568946
02c5805397589c1db6ee3d72f38b1367	0.987299918796302
9a08a7248b88bdc3122608664667ff68	0.258405310910361
b6624d469e07c5b3fd6bdd6b9531f39d	0.762317118338095
e370695ab2ed0fa4f1d103e34bc64561	0.315945111098523
6ba5c755a8cb06a0965c3a8d5a6e430e	0.272059289748645
9ef44f64908e1742139850c7c0909a19	0.435405407234628
c0cd0d5b75930802e3335840c1178b76	0.0581950507611176
561cc33aaae409f5181f50bc111bc19a	0.51399329035963
e4ac2e4c483563ee613075344d249abb	0.186440463127413
c2779f1f7ce687c5e924c75365706798	0.71428235379895
444bb101a33f7641f3f72757ff5114b2	0.861003809568946
d13c63b2cc2807e9e1ccef02d9f537c4	0.71428235379895
b0d26f4970a76dc4a7328ec36c80cd37	0.258405310910361
254d025aa486dc327b138a6a8488c36d	0.0248054710186055
c4781a3c11accd1f20314d04de6b309c	0.166097077058244
98982ad6064699f5632bc562c9de8c3e	0.107899975348336
d54a3f8ce2f931b7f21727f3945fec0d	0.886084236014985
fd65b8265ffc439611c35417706e25d1	0.861003809568946
b96519bf700298012bf0e40c27b79b8a	0.667353998971177
ca50bb1c15efaaea0ec274a03faee390	0.232540654407108
8eb2f4eb67d6575eeca2f5c359b7a004	0.599381958669888
8276b3032dc62cf54a4c985f8d4686b0	0.577441875751585
c2b6c3f919486fbaa631bd98333c7d43	0.186440463127413
a362544ccd4b2230e4d22b5a0c78527b	0.381311432156833
3d00b9abbe20692cd4475c080390297b	0.36423854216523
46163eb432246ac992c7832b604e54c2	0.300827195941201
008ecca12a604de7f31269b988c49c8a	0.786695865563966
62062139737a93da2b68094691d4c197	0.435405407234628
b2e1afec744e257e779ad655e0db44e7	0.762317118338095
20e84212d7ffe4009bc4377738a2c325	0.762317118338095
5f521ef477e928671444274c10e37296	0.272059289748645
57a4aca4aed837c224a3dc227ece50ea	0.435405407234628
cf5e5bd74edafe46fce836e8d016b15a	0.13048374575595
f95843a02554ac41c0b0093c3a9644cc	0.435405407234628
4607df6bd986d6b7f7a0a5d8b1a2532d	0.258405310910361
75e41943607d3c8571b9c9e7440d10db	0.258405310910361
53238008193a04476e76864020df6027	0.435405407234628
ba99a1e307f3a33355c5233769c00ce8	0.961912623745418
017b7db772cf745b2a70595893dbf6a7	0.208568580065358
13cb052c16be10b9ecc56923bdaa437b	0.534733410278981
2947f6570bae2386e5baa76db11eeec6	0.435405407234628
9eb7c096136b077fa79c4c7b1710ef61	0.435405407234628
012590796dceb2653dd46e29caa03955	0.220320817440077
57f32f25d80926e758a4325d7c55c43b	0.45437596769703
54e223fcb424dd3c719462d4b6db4fea	0.208568580065358
5b13321b3c031aa44306246a271b531a	0.762317118338095
2dd0f5a4bb28c01f20a7d8346c605fcc	0.577441875751585
869e382015da63c5b7204666542b08bf	0.811285521760477
79457c402888ea7608b43bf1e09e70cb	0.861003809568946
8cf30506fc1bda966716247e99325ab7	0.690669558044928
b947bef5d734e990348f58b5a1ff8f48	0.861003809568946
717a287913b97d2a93b35dbf42b816f7	0.762317118338095
9f993dc9a9a42cb324a710ff0a59ad4b	0.738171952874577
e2f9939a88a3128baf0178b82a3dd941	0.0625481335293325
3785d4bb27070c403ad0731f9124b1e3	0.0625481335293325
b7ec83512f548f0ca46d90adc4305d10	0.861003809568946
4b7c3f30ac35308c90983cf9e599ed46	0.886084236014985
bd7dc7cd9521fd107ae6f75a22463cbb	0.220320817440077
99290cd2d6ad0c9e43727b03a6fcc046	0.0625481335293325
8635bc94336ee3b80b74fa81efec63ef	0.36423854216523
b64085c9b57040b87712e65c43fc12c0	0.861003809568946
2541420a89be8a18bf2db0f007557b4a	0.786695865563966
d5fbe108312b59f1315d326265673ef3	0.115056114931468
f6d42d09e871e570fd50b9397be8b56a	0.186440463127413
f1a48e851b5eb6c782048f454e3806c8	0.911279301082128
2b9ca544156abee649d475e44e7906c8	0.911279301082128
e153b46fe2d99a06fadbf8ca364b1426	0.599381958669888
daa5f87eb9a2dd64abc5a58c5688327f	0.272059289748645
8b0927ab2a688fd071f6483e931a9479	0.208568580065358
0328a9e5c3a2c31c55d235a908703434	0.122580396648584
9330552170a4a2a2903277c74c6eddd7	0.762317118338095
3c3cb5c931a467ecbcc43800a1c85141	0.0269264063087177
04c4f62bf5fe0727d49b026537b624ef	0.435405407234628
200ffd63aeaa93813d2fa93e10ac8a9c	0.644355254361467
338bb7d9991e214bbf60565dfe2a1973	0.258405310910361
15dad37d20a2a45710997baa02d5f8e4	0.186440463127413
4d132bf868808220a7cc8e1169158dea	0.0625481335293325
fea9e199679036c9bcd796a24a81830a	0.0885285150780207
50a94e3c8bbb8347addc8068156fb6f8	0.208568580065358
0fcf1c1d76b850337d79c6ff8f76c045	0.258405310910361
cf34df85adc7dda7f6d89b90bf12572e	0.138776850646122
efc8869dc2575ccb11af605b2659e3e3	0.220320817440077
a7c6fc4735617ba0a13b6437ba9c4f3b	0.107899975348336
b0a3574c4492821c9175e36727c2be8c	0.0827324592073533
26ef3c79a722603a948675bd6c19c609	0.220320817440077
b21ea849fa275b4cefd611e72bae61a0	0.534733410278981
02b2383ce3892d0422177fe43fa6f966	0.347651710137571
4c98471f6effefa7877c3f47547bfa86	0.51399329035963
b4f03ad5ca5004c5c0b183e0670b66a6	0.107899975348336
b08ccd28f303c6debf6e8ad3e39bd0a6	0.0946474990044218
bf0e636f98a00ea1acd3788d58fdfe38	0.0269264063087177
28f523d68a0832968a7355e58051bbaf	0.258405310910361
163843ed695c7783e7c061b61b0b99a9	0.220320817440077
68259c9ecbadd42a330106348e52e404	0.435405407234628
d0e71d60e80c784c12de2ea20ce001c5	0.0136148095099289
b7fb6853253b2e65e675abf89bbb0435	0.0581950507611176
ad39f2a2446b4b6317640326e11de892	0.0342534113198752
975050d7195edf6b010b41923ee6d7ff	0.41690006713941
b2981d5dd54de0daa97d0e9693597976	0.0581950507611176
95d52c8631d20bc33a919212e63088cd	0.398866823338274
3138a67b87390f8d25e95bfcb94ebc9b	0.534733410278981
71310c850cefbf8f3c0a8e80607583f2	0.176049753048637
dcaeea7e358820b02397b680458175ff	0.176049753048637
187fe711d2472a4b3a37413f466afbab	0.176049753048637
56cd04875a5b4ebbf355a193c95b2f8c	0.0827324592073533
6cdbb7406f4acd5eec6e2a8656e61ecc	0.0720632090509136
1ce6b03f55ca1901a6069934b9536054	0.300827195941201
d7465c0e6f817aacd1c7a99b12dfe12b	0.41690006713941
0131c4e6bf76e602a8f39e9c4a5db425	0.147470117764836
9fa0243d6800c61cf5c2098369bf15a3	0.0827324592073533
f6e2bf3869898bd905df30099e4bec71	0.300827195941201
c2929d9d6596f1fb4485addbfaaede33	0.381311432156833
fc00fcabeae23ca4eb463365342bf181	0.0772478500075302
bda5c4db5cd56437531eeb510ceda8e3	0.936563891666774
0c480bf73faf15402f98bf3781c96fd4	0.107899975348336
6b8232d2924c9280c58bd6737440dc38	0.156573625475367
9bd06dccfa532b0ff0340efb2ef62622	0.0400333737634289
e3fe2a8c171461adc45acf08d6ebe021	0.176049753048637
7ec8e54bd3237a008c4db0bdcffb7b8f	0.115056114931468
cd5d02a681034c35541c5eb5f6d8bc5e	0.147470117764836
42ae4cfcab6d4a2125684c0402bb52d5	0.0625481335293325
0fd2d12445afdd1184160a25a2bfb995	0.861003809568946
a29971905462fa50ca51d0d479667bc4	0.51399329035963
b0347994850b9876d953d49820212bad	0.861003809568946
a1bc996afbfa3f6311d198cad6c46107	0.987299918796302
87a38137790e7828f52e696971ca2288	0.51399329035963
97ed9c32c0b6f04cf476f12dc0f30afc	0.51399329035963
1a639596eafe06496cbdc0587612ef7a	0.45437596769703
8f93150c99bb01d48c0b3e718ff7a366	0.738171952874577
944c0983be4da13b9caff59fd9873beb	0.381311432156833
15fb696f0471011b9b3c29bc3b467b9c	0.220320817440077
8c6f91ecbec1d466c51859ce9fbe0f78	0.861003809568946
e176a9f3b0785f5d38f92c2225890048	0.45437596769703
beca4c621bd6841086ae8ca50652aca7	0.107899975348336
345b0ba27d663f3ee7d020d11711e319	0.300827195941201
1218aba74db5ea7c80b9779bf2d995eb	0.786695865563966
643785e1f50926d576ba76147c0b653b	0.45437596769703
598a1b7044c8dbffa16292d4995db54c	0.41690006713941
8ca5f8f5108efec3619e2674f531e428	0.45437596769703
c547de470698d66fc76d4ce988dc15fa	0.861003809568946
db0b29c9f8f91f861a888aa6967ac9e8	0.51399329035963
8664d2b5b7f47e2bfcd1d90438d4551d	0.786695865563966
276f80f358b5bf97fb7d5b56361f7a99	0.45437596769703
f4b5dfc008732ae4551726f5d3573ad2	0.36423854216523
2230b4f5a28935ca094de4813bee9457	0.861003809568946
c81a99d324c939673a6010fcfc3661af	0.738171952874577
c3b3027aea764015989f5fc8ea7f55e5	0.786695865563966
18c73ee511ac0b36e7d017a3a2fdb10f	0.45437596769703
809ecf1662910a04426ce4d9c86afc3c	0.861003809568946
6e4f10a3c664f40477ca8f1adcd83f98	0.166097077058244
92d7d4ed8f540b6a22c4ac069da43dc1	0.258405310910361
be8ec52d6467dc48047ed846da2b3596	0.621691998522957
e858ec6e2df15c0b2ba355286e47b2c0	0.220320817440077
d6e048eb367ae5d0811088e5f4ddb713	0.45437596769703
c35319ed6c33ed013f2299ec1fddef41	0.398866823338274
61db93081ed0952181ac0cc1947b6211	0.762317118338095
c64e3b26623185a9c71ee2ffaefa85b6	0.667353998971177
ab91b0f6f70a5993d5121cd2cfeb6422	0.861003809568946
aa264addf7bf503e5d88556ae9291539	0.51399329035963
dfee0febdf8935a9b436f772b0414ae8	0.786695865563966
1a672a19e12619d8b2a43ab3e780c47e	0.987299918796302
dc45112d57355ba15a0c3fcf6bad7631	0.836062788872005
b5dd8d969fce83b6cf0c6f5774ac341e	0.786695865563966
ca08c2ce30306134a1b8ace9b8eacda6	0.51399329035963
26888bad0cd8c6ae57af7b7de92a5640	0.51399329035963
6441568eeb7f6e790f8687be306dddb2	0.45437596769703
1feab43b32685d040e3d1099bfdfa906	0.51399329035963
4d986b3c9bf2b6630b7134281ed3e32c	0.762317118338095
e922169a9b0c3567165c5939f83c150b	0.45437596769703
6002fa67d7d0554aa367193fb840603d	0.667353998971177
195bfa6f581be70f95b3e49ba7bfb8c6	0.45437596769703
d17d95b1bac320c43768b58f4901f75a	0.861003809568946
8fe8148b108751e3881bad5c90bc3398	0.861003809568946
51be5197c4e04d26d4d035d8b82643c0	0.786695865563966
c2dd2895b3c5370feb16bc9f5550f9d9	0.786695865563966
32604ea27289fbab3cd95d9b23cd0409	0.786695865563966
635991cf03bee2bf9a5d631f43336e24	0.786695865563966
b3c73c9d27159c8c1e471f9ee8642dff	0.786695865563966
8540be5687449bc81b329153dee68676	0.861003809568946
59c012a3e9e8b6c5841e667021b91efd	0.138776850646122
d6fc5532aa111574979127c219abe424	0.398866823338274
73114ca86a36c97048c75ffce116a4a8	0.861003809568946
125896c06f9b5dc2c5b4c32e81a5c4e1	0.936563891666774
ee41b89426af6b53f552a12022930c2a	0.51399329035963
31425a47f0623987faec978efa7d6cc5	0.786695865563966
943490dd38726e088e97dad9df5b5853	0.861003809568946
1b626d7b1a4942dbe0b3b3bd78cbaf53	0.786695865563966
86cf8b3248f3e452e0c2277cc1a784d0	0.381311432156833
6035ced479a8cce8084aa7fd371bdb61	0.41690006713941
7a4d058ae9e5f276d4c4108419f0e334	0.220320817440077
4fbced73f1e198e42ad79c9bfee94b88	0.51399329035963
f00bcf9075d99439378922c89ad7fad7	0.258405310910361
8292e565547d6c1133d4a12857605080	0.621691998522957
fcc2fb3189540f7d72597f0099880b83	0.861003809568946
8fa6f65a10d03bf604d9912b8a92d172	0.220320817440077
7d81b03e9102d60530679514a7e05e21	0.786695865563966
874be6739f151f30115f3d224bd159c6	0.0625481335293325
34169faf75febc1c04f1a9f4278e0761	0.861003809568946
99fb700bdef9fdc796551edac7e4c307	0.861003809568946
826be98e28439cdbc5976e6596ea495c	0.861003809568946
173d4bb5125c6bbb3323b63c4f1dbbe6	0.220320817440077
4a33bd0214fbc77ce465482efa01ca3d	0.861003809568946
5de0a4609aa66cdb21998565a8c3c198	0.36423854216523
42ccbac549fd45a3be0978bf946416e7	0.786695865563966
50c52f204a79f1bd9ba1042446ebc73d	0.331553420934292
82f3c4c766d43bafa185e488b15fab0e	0.220320817440077
2416e40836f365dc7d1299bdef9416b6	0.786695865563966
62e8249b0fbe9fa0e3d6181d492280bc	0.786695865563966
926a9c9c45dd3feb358c5ecc8c42010f	0.220320817440077
c72828dd44ac0bbe4d37584d16dca200	0.861003809568946
86e5f41684e4875bed55edb6ee0b7a54	0.166097077058244
f1bdf19263a4babc93ec6b8be06a6b8b	0.534733410278981
9116bdc5e8cb3f204dbd4fd7b43d0696	0.45437596769703
5f837de2667427a4805ba6fdaf5c424b	0.45437596769703
401bb0df51706b4c122b3c2ccedfd910	0.45437596769703
fd7c5620f926804e198d6fdc940e6f71	0.45437596769703
51dd2caf93d6b86f35f01da42dc7453c	0.911279301082128
06b1529f7e916199cfe39c0a6d55bb35	0.220320817440077
317bfc056dfde448573fc8c9a843bc97	0.36423854216523
fe2ac5db4f156b40b8cadf2d296eb597	0.786695865563966
ed6321d8ab977053b6b2645057063bee	0.300827195941201
c398ff5618d2bccf6741f54f34a233fe	0.300827195941201
a5d73344f3f1640d4c0b2796ea7a7f18	0.786695865563966
91ecdabe8dfe13c319df14bcf294e06a	0.45437596769703
29a5dd179f38b15f46ea975365c154f7	0.786695865563966
26e953002a5894430da699d814e94c50	0.45437596769703
2fea9b0ff4c2d64c0f575f565b6b11f0	0.786695865563966
014d2795e1189ec856c12679fa4feb72	0.300827195941201
05bd3290ebc06d61571968595d63cd50	0.667353998971177
d70bb288063717a596a62cacd805f652	0.0625481335293325
1b496a38baf11b0c66227017e7c12e04	0.861003809568946
a8cdfa1975cd4c5a42f0466246639f3f	0.176049753048637
c1cf23c2753ca32c1b43b4dc6806e0c1	0.51399329035963
ef55e745bc3c77e6928728de93ee830c	0.786695865563966
0f72cf1510355ddc43decaaf91e4ae79	0.0625481335293325
db599f5723e92b77acdd68ebe375573c	0.45437596769703
d71547466afc684d41fbf604f98926fd	0.166097077058244
1416db00530b8689854229cc33b83315	0.861003809568946
a2a727fea4bbebe7941feb71bdd2e7aa	0.45437596769703
e9226299cb2da0174e614e2e3d6555d8	0.786695865563966
09439d2b892da454688fcf1fc72fdc90	0.186440463127413
e233f65a0ba0345abc64031ab8e7b31a	0.786695865563966
2b941db31a1a44a8dde1f4e5b6fd1fdc	0.786695865563966
e62f660154fac40efd3def2df279c71b	0.786695865563966
993c4efcf381ba07e3cb640daeb8500c	0.41690006713941
71e89979eeaf5d85e0d656886f781cdb	0.786695865563966
7be9082c85f1f5faa97c2610542738b5	0.258405310910361
d46b373a27e8ad44a23f2ff73f1db157	0.786695865563966
9e6f476523ba7a046fcb7c1ae5a9c124	0.786695865563966
d6cae5097151b548ec69c1b256bfce2c	0.51399329035963
4c73246af349194f97518033aa62e57a	0.122580396648584
8d835071e4da37fd212344bd306f6cc5	0.786695865563966
f16c03ffd311b8dcbb0ea863a986d86a	0.0671670946299399
b8275ac265486f3af2bafa27b54f2b80	0.45437596769703
cab9884020b7583b83f9f6bdc5aca410	0.861003809568946
ed99a8e333efd95bedac8906c70761a8	0.786695865563966
942c830cbb17f74d56da24d60344ad42	0.41690006713941
9f24c888b237a5588139e6ee1945a742	0.786695865563966
c04b4f275fc85f39ed2538bec8f641fe	0.331553420934292
541c558912a07b570fb09ac215bdba7a	0.220320817440077
68c93c467f6565cd8390a35df4bdfb7b	0.45437596769703
1d3d35fafa01a487b9813c58e8a68e44	0.0370475099498988
8a4b9a227b6992917ba1ba1d9a76aafc	0.51399329035963
a52830b693876fd0a0bf70b6d1ec8f85	0.786695865563966
6747cce82fdf489e202db152c2c46cd8	0.861003809568946
5cb70d7c4cf0fc0d3d94b34858be04b9	0.45437596769703
8fe2d46c5302333915e18563fe444eb3	0.45437596769703
3766f79d6df21d0704d7b93d7e369e4a	0.0946474990044218
bb43d1141e0c8e9e04575ac642c9b073	0.36423854216523
c9a4ac9ab7210a13e39c3d670f84c4c3	0.886084236014985
80e04bd0bb09ff810f0b7f87445d6a41	0.00785398633703156
79248deb0b759e979510450ac6df7e71	0.861003809568946
4776c87857a191b3224a3727146b1b43	0.0342534113198752
710cfa4f476d4d7bfef4373cc13fcfa0	0.861003809568946
0f6ec32b30250edd63747dd3ff714ea5	0.45437596769703
f00cf1ef050fe22918fdeaed9863fa8f	0.220320817440077
27a827d8a26d21270dc67cc91bb030ab	0.786695865563966
1a1ce1b1a6e352d3b47df8be9c77280b	0.861003809568946
3e43983824574e0aef1828e340cdc581	0.220320817440077
4656a87eed92fff27557b2a20bc6f1c4	0.220320817440077
a818134a0b2a8d1545b8c12be64133c0	0.398866823338274
4ce2c49b6538f3b9e6c9a58d833ed41c	0.220320817440077
4f508b9db3c4dd100163039e71a837d9	0.45437596769703
aa3fc29a262dc145c81f76f579c4897d	0.861003809568946
27abf254412a6756b5f414ded2d0b217	0.786695865563966
dbbb7f80363be1b1d24b5330176748c2	0.156573625475367
0ef75a8f06e7e3c1e2a4016fa9dec971	0.166097077058244
0cfcf4db6478e7ab2b9e867e1679e082	0.220320817440077
0003b2d7b635944ea708407b75f392f4	0.45437596769703
d2f26faada986e3fe7d7227c8a4396ca	0.138776850646122
26204cf7112c0178da486776a7113c85	0.138776850646122
4d4308042b997bc8f98c6e772796d1a3	0.147470117764836
ccce27e443d477b887591d571aaa409f	0.00236333241702486
64db2dd1282956ba3e5e65f192ceff6b	0.0269264063087177
c570eac9d8785fe4d9b20a54579a9d63	0.00648970459188632
02eec030971d731a0e4eaab695dc95c2	0.046620362348983
87025ce2a71b1dd8455df8809329c0d9	0.0192875644635292
3f23b19bac3ea3553b3f2666857b72cf	0.0625481335293325
6f9cb560f55fc7b4bd33db2e3c6ec9f7	0.0148739741277075
0ec40101eb3a6730c4f204bb2ba856b5	0.046620362348983
46d9c1a17daeb8ae0403821a39d1dad7	0.0228307828483426
85ab9572fa63e33d0fd0d4537c70cfd3	0.0136148095099289
df1740957deeb11761bde4ef04956bbd	0.0316414102943208
b31c3c4f1650e06ad1f88477746f6305	0.00589094845687045
3c9ce77a460e0794bd394b7142d50fc6	0.0136148095099289
2f65cc47867c0358b88f7949e03b4fb5	0.0228307828483426
ee89bfb0d4efe38b1dec151b436cf7eb	0.0370475099498988
6ad62ebe4f951974351018be147a4f08	0.0192875644635292
35447c5e23960bc34c7e24a1eda8c4dc	0.138776850646122
4574a5a47524864928208a5aa89d8058	0.0400333737634289
e8de19f83cb51f32c4094dce1098dad6	0.0342534113198752
e08d2e4dc80dfc87ca6ade1be68d633a	0.0177035064394353
c6097584d8a3aa9c2080056045f216e3	0.0162346421003392
818abde922c712f1b2d86e0a12f2659b	0.0671670946299399
07632295d3d381267d7a75d90777c13a	0.0671670946299399
719e65f1dfe3180fc1520039c3506275	0.00396248027349823
f2ed6d624b448eb5e6c7fb4dbe60642c	0.690669558044928
2b014df65249c0477e4e638f9d80b1e6	0.0342534113198752
88896cebc4c2142a11f8ff138a6da391	0.258405310910361
b572a9a07d2840c8d1ca7675e4ec6d8a	0.0581950507611176
caa8cd088ae65ffb65cf475d81135186	0.762317118338095
7e08ed0f72fe0e7df7c2b0ecb12173f3	0.0671670946299399
3ba48d6c17578e0987863a2c92812ba6	0.0540966972304712
1a982320634cf449416f8099294da873	0.0209941197330234
4218eaec4da93520b0f2eaf0041de469	0.00358010116874209
1597d9206765a9582658ce82afc55a53	0.00534244538543594
e232b971b22f11e32f770f9bbf94fa7d	0.0292021124740968
0866c04dbee92ab8cb097550a8ca2a04	0.258405310910361
f65b85b98c9ca7499ad9356c975f07fa	0.0192875644635292
7e077f00e776cc516aff292d2ad9948b	0.208568580065358
b2b456c5ba3ae87dcc20d0ea330029ed	0.0209941197330234
e818777dd8f2c2d7043414b076e21e33	0.435405407234628
24fd564ac97af1fc07139f9765328c19	0.286199099875456
cc87d0966ac9b57a0f63e77cc54f49e1	0.0432209320321406
fa8daf6d3114833da02d79324ea38319	0.331553420934292
d4a81ce340bf13cf01b07205223bc997	0.258405310910361
7c867de9e08d99585d1b6953e434919c	0.00862813070204572
1e7af331f5614b4d83cf3323603c2695	0.00534244538543594
72ecb4c8b814f8b664cb7d699494a49e	0.0827324592073533
ec3cd36f18445e52f980f4ea7e519284	0.555887469854573
e6b1c2ed6a713bff69a1824da1248076	0.208568580065358
f87ad0845acfac521024731bbb3bc403	0.0342534113198752
7ee212ca806eb441017dd006d0765876	0.208568580065358
a0bfe345e9858cf0ce357fcbf307468d	0.00438158790530626
7e8737af6a467b50bc1aacd373097c39	0.00484048664005374
fe1413a48ad7186ec58c7636987a8925	0.208568580065358
29a58a9dfc6929f264f5a572b6010ef9	0.36423854216523
c97f6af611bfdceda0b722622d6f90db	0.0772478500075302
48aca1c6d47ec52df6f1fe672450738c	0.0209941197330234
d24171a0b683e4440581986b79442db6	0.0581950507611176
9bd5c483c8701fbcb95614d598436adb	0.208568580065358
4e1f5be7f3397460a61485778ced94c5	0.315945111098523
24489012dfca9a88c2e4e17b7885bd12	0.0581950507611176
e55cf53751064aa63e5036b9a1e8a0b1	0.232540654407108
d9bc569808d6e3779660d109ad90bb4d	0.0581950507611176
f4f6809701c80a7b486c7a4ac5334c31	0.0581950507611176
1ffe4d39dadddae351e59bf0d0bfa4e1	0.0885285150780207
d30bc0d87df34ce612abdfbce11a5d52	0.0581950507611176
ef1f23661532eb4ee84bc4965e61f28a	0.0192875644635292
227c92dae8e6fc744672796f29ec6bc6	0.0625481335293325
8700261dba6248b61bfa41942ff51b39	0.0581950507611176
116f78e42fa9aa8b556918ef633388a5	0.0228307828483426
6a4923a5268cb80a2810e0b82f5ac675	0.0162346421003392
5d95a1dd58e871c90fa025de570c9d17	0.0124507565631754
9c43934dcb1dd09689c5d38eebfca003	0.0581950507611176
bfb9a3e0f4210e1be298f38f83022eb1	0.0292021124740968
d6f85695ccdf1644341bb5237159b9ae	0.00862813070204572
053d2ebc9ec952060ca0fa797b924cfe	0.0136148095099289
31f3154896bc3160e0abcd4684c53dda	0.00534244538543594
07e56c73d9bb60dedea02d19f72a1a98	0.00862813070204572
4a19881bb87034590e4752d5880dfad4	0.0136148095099289
4e32faffe3838ba5cb1967cca6730658	0.0136148095099289
f79e6e5ef1ecb0c1b19f5cc5a14c12e1	0.0432209320321406
2c80789340fecf57268706f18d1fd4df	0.0432209320321406
7b69e392cf9280058fce0886eb58cc22	0.00589094845687045
64dd297098df57c485198222c79dbdce	0.0581950507611176
40fceecff0eb8a0f7709859d88a7b069	0.0432209320321406
8f9049470569b0e3938150985ef2a7cf	0.0209941197330234
0f477c75e7ed901ddac7b9a8b66df774	0.0432209320321406
9721c24fdd0b0a63462ac2efd62da2c7	0.0113757209999605
a356ed2a4afc882734ccc4598d3f6d3a	0.0209941197330234
b8fff4f78b823d272370b09beafde94d	0.0113757209999605
44001b8a599c18af7fefb8b4a7a1791c	0.0370475099498988
99b44ee71a36a108a50e4bcdf8c5a19f	0.0671670946299399
236f09fbef0713811216062ab8b54098	0.0316414102943208
792b0150a74e97ceed7d14aee80f06ed	0.0292021124740968
517948e6d775dca246ae950b8f2ab993	0.138776850646122
e61d96b782c236dd94fd71bd28e48b2a	0.208568580065358
2cd01a4e0b7cfdfc262bf9292c935e15	0.046620362348983
27f748c122072058e61ada8dff0dffac	0.138776850646122
2dcbe48e773bc8af8acd18389368867f	0.13048374575595
2b966bab3a4f89aae806e3898aad2d4c	0.138776850646122
f1da1097b18d1c58f4b64f2c3c6630e2	0.0248054710186055
d826dd73ffd82d714266122ed873cfab	0.0162346421003392
0193213bf09f4fa5cb0f0959f6d99e41	0.0827324592073533
fe11c6b26e9426a20d9b2a8f65d62bea	0.046620362348983
589a87decad2310717effed002964a02	0.176049753048637
d0d1607ee191af098a75f143494437da	0.0248054710186055
6babd3f4582eabd9594d8c85ef182848	0.762317118338095
2b84f33bb6d868c4a5bcf8ef3d5bf488	0.0502420753144488
2cc9558d626b677605a361ed9b0b1518	0.0400333737634289
11b8a65a568b5b36adc95bd47fcf9a79	0.176049753048637
5bc6b15783256c3881b5019e18c175ca	0.0292021124740968
d24c0adb1e00fd339a5892783838c2b7	0.156573625475367
9da651944f9177aeda75fbfcd76e9cfc	0.0671670946299399
93938c1179a8bf0a468c6b1a7d962982	0.176049753048637
16b12fe46e53556bb92ee501399a4b2c	0.208568580065358
896dab9efac852b692ed747bd4b5333c	0.258405310910361
d795b25c794380c2fd6f9eef1243e36c	0.208568580065358
fdb6797e6c23f63c4458fa14e75cadd9	0.258405310910361
4176b6b9b9fa122f2c7a1b1f384c107a	0.208568580065358
5eb829390f2b5f4dd5ec0904fd4e2eb3	0.435405407234628
bd60f7e4b1d79bac9bdc892726ecd7a9	0.435405407234628
10ceacfd6ddf39ab14d553a58ba91d74	0.208568580065358
5b080dcff3ec0eea1c4df91788b4291e	0.4738037454368
f2cde818049918282641f6574674db56	0.435405407234628
b0a7afab59181aaf942348aa65a67f31	0.690669558044928
830a1d7aa07f94345199533a4559a23a	0.435405407234628
3ece941dd842ee677cb1d4c574b6cacd	0.435405407234628
f4873ea86260068cd1c6a16e7c75d4c7	0.208568580065358
ae500bcd78881773dc9a5477a0fb9d8e	0.208568580065358
511b496bba1624f0f7e1b6c35916aa65	0.435405407234628
728dd5647c1feca2c8fa9d4ec1029155	0.398866823338274
b1f7d12757d946389368d228f7be6085	0.208568580065358
ccb25fe18ef97a38586c42a085169044	0.4738037454368
891b2ec236aa4b545378fb4004ae6676	0.435405407234628
479c1b7c360e715b48849cdea685f7d9	0.208568580065358
20964ce9f1615445ed7ae2aabb6005ba	0.208568580065358
0577760e2d0ff9559b3ef7f030752da9	0.0625481335293325
83c65c0ecd6344dfc093ee09912fc7f0	0.208568580065358
7d987d7e7c61fe892e4fc8fce8516509	0.435405407234628
58f9bd4d67d460eefcc6cc28028c9539	0.208568580065358
924c5ce84e1e7fe52e2c194ccf09bf59	0.435405407234628
6fa69cbf043afe1335d12ccb0eb880e6	0.208568580065358
1a8a66b433530557ea9f0aa081a916b1	0.208568580065358
cc059b41844f0cf32adfd78e9bce2c0f	0.208568580065358
07a07ea81b90890cf9ecc3f047cf5d57	0.208568580065358
563f49125b6de183d1310060c6dc0fa4	0.208568580065358
1ba4d357b6973e2bf09beb30d03abb2b	0.208568580065358
0c9cea24a6e54e1eb7424e03a0b8da65	0.36423854216523
c503f70b8bf437b217d0c6f52be04329	0.115056114931468
00c3f30ddc9c855ff73ddfda0c02214b	0.208568580065358
f766dd25bd0ebdc437ed2b097c137a0a	0.762317118338095
024679ddcd8ba80585cee45005086a2d	0.208568580065358
1a48eb2ce7bf5f47736a525c2bdf0676	0.208568580065358
a004654202e076e4ab904efa0a55b5b4	0.435405407234628
a98a224be05f7ed02596dc72e3b457a0	0.435405407234628
6005f3e1512e7ba944486d983d48a7ef	0.208568580065358
99f4e18a7c990b6d48ff7ca9cc4aa1ef	0.435405407234628
4ff69ae1168309a29f481fba99ae4729	0.435405407234628
788822c3c76b54f278de34a7f29dff0f	0.886084236014985
5083a4f20db90d3493f6244719265b07	0.208568580065358
69a49ad340da6d6eb45fe347b4072724	0.286199099875456
abff59502419774c7b93862eb6488652	0.762317118338095
236ee1eca75f247777f645f0b1346f5d	0.762317118338095
4932da2420b87310a995f1952428b5f6	0.435405407234628
4e07ebde99e08ab492e77a0f83609fd1	0.41690006713941
6cf554694a2a8b9851dc00fb11c405ec	0.435405407234628
6e0c0a0d9223722d325e5d8143bbbc6c	0.0625481335293325
e8bae8570062b03d1646e0bb1f4f40c5	0.0625481335293325
d5764525fd8a92b0bb6e6b7777351642	0.115056114931468
1ccaa36a392199d8d76337276fb029c6	0.762317118338095
cbbfd5cd3c555907b02f356281d910db	0.435405407234628
fda2dcb07f1129ec07c1e1167a463490	0.186440463127413
cdf113c900f7d9a56d70f5abeae2baf2	0.41690006713941
d0758a9be1fed1549e504e7a854e349e	0.208568580065358
1d9f209b0bf8a0fb82c8caea709fd9a9	0.300827195941201
58f3daf0ae7fef4d3bc4ef02e4a7c8f2	0.534733410278981
75be3651b9a4e2f18ab37f794a47e4db	0.258405310910361
334ddcaebac0c31dad80daed24f88e5d	0.208568580065358
b3795289a49d13c37f6719cf05d72e03	0.381311432156833
f07eae2e2abf500babba224ce434c78e	0.0625481335293325
b5488bd83d4ed5b6c902ba14351e8e7d	0.886084236014985
3b246f0cf95bb6a2b5e0aab1148cce9e	0.208568580065358
1fb6a03247fac77654b49af43cf8dab1	0.71428235379895
4bf9663d6c888e28e4d50d86c810758a	0.0625481335293325
08667ecea072bf21d3c981291508d402	0.435405407234628
17ff47e32a1ef812baee96dcec98062b	0.0720632090509136
d90a3687aac8e6c96610f4d7fc128800	0.272059289748645
c4646f7b3fb00b2ad26da9eda9a4aa60	0.208568580065358
f4b5ab49d7f44360f6bb148b5218d458	0.115056114931468
0cbb0bb607c9bca0bf4eb1b0e82c5bfa	0.208568580065358
8851dcf7ceada96b736ec49ff97ae0ec	0.208568580065358
7e59522d611f91a4ba9df2f17bd03d72	0.435405407234628
1cdd3b3f3548af64efae57e12e280233	0.208568580065358
79c2783f53f76aac2982e37186691fc0	0.115056114931468
f0f668e5f79443a7d1e7a0065091c95e	0.208568580065358
d97061d1570f6c2dea387a6b536e396e	0.0502420753144488
f71656ee8afb929722b7d30ad711498e	0.0269264063087177
26de41ab499a8c4b5073dc8a2ec236b1	0.0671670946299399
0f8cd40e2436fc69a17ab512e53883d9	0.046620362348983
3a5b617913bf0b1bfddc8af50097a321	0.0540966972304712
82459d1c13afe4ab088bd621e33e1129	0.0136148095099289
93b46d7575a82115c067217d627bf342	0.046620362348983
8a106b2d19ca253d6cae3ad2c809a4f5	0.0370475099498988
c4ded5d5b6af242d0b2ce61e16e97ad5	0.0540966972304712
abadbe2f29abaca997973c05e70e7e3e	0.0885285150780207
350251bc2b7825f1a48de587c6e0200f	0.00396248027349823
a8e09a8a698d69d6eaf781971ca9cb22	0.0671670946299399
ecc331b89944db86a61fe48a84b4755c	0.0540966972304712
8a11992c5016f3b871bcb727a8cc4c0d	0.00396248027349823
06b4b87f581a6921a29bb18f483e962e	0.0094697823241579
4474828b4977194b712ebde025bd48ae	0.435405407234628
e87796e1c3e27ffb836d141fffd63ef0	0.762317118338095
cc0a36455eb882a003c94d4d00ff938b	0.435405407234628
3dbff4c180a830ab8870fa3256dda508	0.208568580065358
9d0c7771d630feba28e7465e5828238b	0.208568580065358
8cede7cdf30520a58c3d78a857014205	0.138776850646122
7e2d70794342094a14917a67b85120c9	0.208568580065358
7572445315a5528535cf1cd2d3b66fb6	0.762317118338095
b9cef35bab9a7ec7bb5d6259ac25d0a0	0.762317118338095
6c010ce1809b7c86eb9e4fab733957fc	0.886084236014985
88e10e8af2b2c9ba1c1115fd4a26ae43	0.762317118338095
6ea924c5994cc5c4120112bc0dee1fa8	0.886084236014985
9d1e8d9c258e3dab24a1fe8f80c5657e	0.208568580065358
01ca04338032e01c209c8ed25043e22e	0.208568580065358
bd1d01f5d19d828bc3e78694deed0764	0.435405407234628
71065e2597486bfdb36b408701366be5	0.762317118338095
e2b80c71ce6db1c88a12bc41897b0ce7	0.886084236014985
047f14389168ad23b6fd2ab9fd0b61f9	0.435405407234628
75b6c8b68f39e586ab37f7d0f5953911	0.208568580065358
ff2a6d8f82197ecfdfb1a7e4c34caf78	0.435405407234628
3157d4cb9fb4bca717fc7e77c678e43d	0.315945111098523
f56c20df45936cd11f3d13c63e1707c7	0.208568580065358
053fe8e52a76b1fe3a4550197370885f	0.886084236014985
571bd520074eb20f44ebab34142d1ab2	0.435405407234628
2d7de78e51254aff40f88110e7df32a2	0.435405407234628
33252e89f3a795e32b31e9fe331a29d3	0.762317118338095
b6513da75db53b94d11a424ebe0c9afd	0.435405407234628
d618bc8cc5a714da905b83be94977e87	0.762317118338095
479177c8ebee7e13fe9fc555ce8f4321	0.435405407234628
28a53ba2b628ccdb8c67869576ce8b7e	0.762317118338095
25ca29660f092ceeeea9a36e268dbb0b	0.762317118338095
f20f13a34b9c8b337c66f8ba40aec879	0.435405407234628
29ddb51a018801e92e6c4ea373b92f34	0.435405407234628
23d36203f0f1e8278877645de1de38b2	0.762317118338095
9273c9c12b7b8982706b3de380ecb68f	0.435405407234628
84b57c42893b27a525d5381ad6bcbabb	0.0625481335293325
a59638da0e91bce38f8ac781ea095d65	0.762317118338095
6b6304aef2bb7e9e4dd492b3c3b9fa21	0.208568580065358
e074966d287a9fe9d6620d7fa49320e4	0.208568580065358
f5427e7a83a0702b26c32815de972ded	0.762317118338095
4f63e61c60fbecc6957fc217bc7b7257	0.555887469854573
527d89894cfdaed6c22e642444c7086b	0.435405407234628
105fbe46841fd226f48f20f26cac5553	0.886084236014985
2f6a6bebcdcc153821745ca14d88697e	0.381311432156833
c301ad1a50e67bc4f6e5a0c47adb70d8	0.435405407234628
e30b353d2c49051fe9ec9645f1896d6d	0.762317118338095
d6b7fb4e0b43a82e3c08f4f8fb6f693b	0.762317118338095
31046b99427f3260c5485866bf932ed8	0.258405310910361
ebe1a29bac091409ec740122352c5a75	0.435405407234628
1b58178883185cbd234b5ad998a73786	0.762317118338095
31dd479463a197aaede9872b27a15a7b	0.147470117764836
1eba752f99a5c034607ceb495953abce	0.0671670946299399
480f55a0663004cf58b3802eff487f2e	0.0671670946299399
5ea654455b455c48d757c33467bdfe24	0.0671670946299399
374477e36a396fd7c58aa11403a90c44	0.621691998522957
470ec322d28abdc632c2a1c3c9ee20d0	0.435405407234628
0ce5793b8e4266a8dc0fb19d73a2a8ab	0.0671670946299399
c3963d38fa9ada22598f0412aaf957ad	0.621691998522957
4ea35d80a767cd97f6aa4208197e1f0d	0.208568580065358
de72dda268e61d3ff4353d84445402a1	0.208568580065358
650cad9744e8b2f4bf96c598c6f12ddb	0.208568580065358
d8efd4c214ae2c7bbafe450ef81ba74e	0.435405407234628
c50c05551e3260b496237902c70e3ef7	0.208568580065358
dc4f437f88dedc32e5a765ef8538df69	0.208568580065358
a057aae3c3b62754d02a1ac0c77f892d	0.208568580065358
355ba9a1b45d086850855328587df3d8	0.0671670946299399
43b42e41baa97a62db70951b1ffdb043	0.208568580065358
149672463bc525626562d8ab53399680	0.208568580065358
a4d3f0d85dbc4fa9d95b2e233bd759e5	0.762317118338095
0b8c29f93bb498a1cc2bd6ca067ede80	0.208568580065358
8ec7bc77e492531dd2057cbb7f16f085	0.186440463127413
213085ec727bc7a19e0583cb94614a3a	0.122580396648584
6a0c1cd70d6ec10af406a2e32c17bac0	0.208568580065358
89b20ff38a8a86024c908d14ddaa94c4	0.208568580065358
aa75a2d708d00cae9c21cc3be2cbe3aa	0.0671670946299399
78706a1eaaef0374f41cb0ccdcceff9c	0.208568580065358
121f37c4095e646b166dc90c9505f208	0.101100859636984
c7d7d8cd54634b859dc6a3ab68494835	0.435405407234628
a260e609d7438bfd9f257267861d7e76	0.208568580065358
b6f8f8f802eb8dad63bb688904868ff1	0.435405407234628
af689e00e1ebd9930ead97b0b21552d3	0.0625481335293325
ac3eeb28cf5ad9041ecdb967cedce4c7	0.286199099875456
56998addd37e9aa43e5d0335829f8547	0.762317118338095
bba2e239088df60ea65a504f315c18c5	0.0671670946299399
6ccc4bfa1894d36d27628b3641adadd1	0.0625481335293325
1e805575d7adc52b0f54403593af5fdf	0.435405407234628
b65a631857d70e58ff4b88cee6640253	0.166097077058244
e3bfc3cde857bb7ed4baa4cce8a255eb	0.208568580065358
da1346b75cafd9cdbe21c14b95a0d24e	0.208568580065358
a0c7391bdbc781b6591cda6b8f51bf93	0.0625481335293325
4fa518ed0d51493b67f30bb5d1dc2860	0.147470117764836
3d10c8f2fb3de7590067aa3fa8714d21	0.0625481335293325
497704fe3234cce0b8d2b8be34516776	0.176049753048637
d4ea18eecc05d65683d394d4dce91bd3	0.0581950507611176
6aae692937a590afed4961998f461fe6	0.0502420753144488
21d632ed2dee54c37c8be2e7fec1dd04	0.0502420753144488
0946fde6947bf129ec2ee25e181de20b	0.0502420753144488
ebc16b045b331039b22596478e021d28	0.107899975348336
1800e2d8d9ee88c910f56cb703379b8f	0.00212524569613881
0ba3411f35eb9f259f0f55a89dfb15ba	0.0502420753144488
5aba37364cb012400f266e5b32f10f74	0.166097077058244
c6dc3fa582b29f8cba562dab99032288	0.0342534113198752
90c7e2a74ee1a9f88e5ee5be8d2b5dd9	0.0342534113198752
6c22f0959e77402b840d8bcae036af4d	0.0502420753144488
ae832a496c30fdce0fa1cca6aa6a5506	0.0540966972304712
b7ecfff5a64803682a32b0966ce5c398	0.0502420753144488
66bf5b51648a40e806c71080b644b524	0.00396248027349823
f6483fcaecb557528b0663e00aa532fe	0.0248054710186055
0f33f4e1c65f7a8fd4b61e0a3f00f8e1	0.0400333737634289
9d6cd2d00b95984c031d4f2367acad7a	0.0720632090509136
272076209f39363b7ae6fafc125d9654	0.0502420753144488
5bb265c867554e2981081a6752256782	0.208568580065358
a899a8b57efa21491201d2f0a68447e0	0.208568580065358
41596103b2cec885c8f5dd3e85a2309a	0.208568580065358
372846f6a049ab639715d65e09bc3adc	0.208568580065358
2fcfcf52c25f453f43a0dfdb74d7b415	0.208568580065358
689a93e3b89671daacf1d8e28261148f	0.208568580065358
98afffa0e31ef36d806460e3636a0156	0.208568580065358
efe4434719d145adcb1b073540a0df38	0.208568580065358
2577b23282ce31a3fd60b6a91157f2e3	0.13048374575595
de4053df364afff203c3f157c94373cf	0.208568580065358
e4c12008a24c2bbbfb014ea4d8df1e9b	0.208568580065358
26e1eefc5356d88450b74e2ee389d1bf	0.208568580065358
12a3c3c32b168ca0655078c8fd09bb84	0.208568580065358
35d255537afb5aa0bcaacd07800f2a01	0.208568580065358
1c300ec42346c77fa119fbb4b3294bbc	0.435405407234628
7d7e3c9af8b06352bdf1547936726116	0.435405407234628
c40228e75ffd51864b395b4b36649eb2	0.208568580065358
49a44a18c498aad528b893206b8907c8	0.13048374575595
bb01ba7446b70b55a4b28a848bc48c54	0.435405407234628
89358cd5cf10674681b0976f065efc0d	0.0625481335293325
02cfd0ef50b3b743d96cd5734865239d	0.0625481335293325
711bb370a98f1735794f12e17e6a0d0d	0.176049753048637
77dd215585c07a0af5512b2fa52043d5	0.0625481335293325
3cbb6108796c6870d107c3335311341d	0.0625481335293325
e03656c9dff650f86b7021b930e92b52	0.0671670946299399
81b4adfc44ee798700bbf8396c33a7b9	0.0671670946299399
5d932168b5b8e1f78169f624426ff14f	0.0671670946299399
47cc9154c203d91091919c91a71421bf	0.0192875644635292
9c451ac02656e5992462fbe879861184	0.0192875644635292
40962774724a8cd1b7480181162bbc98	0.00862813070204572
342ee3aaeb18f89363aab431d730563a	0.00862813070204572
283f3388aa68f8c9dcc8f73bbda4e55c	0.0192875644635292
4ed0e27d0f7853be33bf188cd0fc6019	0.0192875644635292
7792bb0ced93fa9965a3d316f941c32f	0.0192875644635292
70cdd56697000857ebb9af58bbb79ac5	0.0192875644635292
1d0628ebc6d01e2b0dacc65b70821c87	0.0192875644635292
6bf6f5eae4bdcc15a6a398edb4f7cb03	0.0192875644635292
c8253318c8e11bcba6994bc86b473285	0.0192875644635292
6b17e823020cb9dd3d70de8a921ab334	0.0192875644635292
6a17f38e4a40b7e75db7352b5ba35a4e	0.0192875644635292
256e3fd9521ff3ac85bc9d2e6298f7c8	0.0192875644635292
01c2cd17c388e5464f516c1dc9911619	0.0192875644635292
750d4bc636e851f1db1ee4f08bda9372	0.0192875644635292
d9459c5e12079288328b8110fa310ee1	0.0192875644635292
7ac60899f76d4772567897aae416d5ee	0.0192875644635292
2ddc6e11ad702cd08999da76eec1f5ef	0.0192875644635292
23625b0c037267a239e9878a66b945ce	0.0192875644635292
95e4158a3c44f790e34092e656025831	0.0192875644635292
61fe8453dcf6d90607d9155957062687	0.0400333737634289
ca9ca3251016369089de2b34657429c8	0.0192875644635292
93583e719df6e1654ab63fe65a00588d	0.0192875644635292
08bc66adba662c787c3d6a0f3a181410	0.0192875644635292
a8b096aba94672d496215d580a96ce5f	0.0192875644635292
b205809440113a3dce415bb518280b04	0.0192875644635292
7707892795b4a3ba6a1148cd11e3195b	0.0192875644635292
4630988fa9c8c3ef5a861b3cce32d0c5	0.0192875644635292
57c72734dfbad9bef004637663ac9bb4	0.0192875644635292
c4868fc0a982b30bbb51002cf389da24	0.0192875644635292
1383ddf62b12c94f2d4bca3cff634ecf	0.00862813070204572
1dbbabcf02f9b747e89aea61833238de	0.0192875644635292
06677696a3aa5b3e9d34a16833222325	0.0192875644635292
5affc651b2e98ca7369c87a8b2f887a7	0.0192875644635292
272f2defd7eadd7131c7a8ca0109f5a6	0.0192875644635292
36c76b3311b63282869a351614ea63cc	0.0192875644635292
8ce7a03f9ac784aeaa76803be896bb83	0.0192875644635292
7c75486fc5e782ca470684f0ca0c5fdf	0.0671670946299399
6f45cb444b900662dd709427d26a3474	0.0192875644635292
a2bd7a5d5782de5a0e1b9a8d05ee5f2e	0.00534244538543594
3a54cc826b4ccaca64904b55a29ebdc3	0.347651710137571
2599a676713f580b3afa5cd5df9778dd	0.0192875644635292
eafa9b149131c4ff3c6e2a7d914efd3f	0.208568580065358
368b64a2d1b2f5a196c5cbc46c1a889e	0.208568580065358
2f36eaf4bfc98bcadd246e0b72388415	0.762317118338095
f61de8344a374364daa477349e937749	0.435405407234628
61fd0df401cbb3ab9ad76408f2a306a8	0.762317118338095
95395fce75c29ca7486fe800a5edae8b	0.435405407234628
b4d38283191a33c14a9220b3a0317891	0.208568580065358
1e484ee7495eff7097256083f59550c7	0.208568580065358
40a85c29f152958ce896fbeb6bd96b7e	0.208568580065358
665637880a3b75c1d8d813c0bfed3188	0.208568580065358
320492e8d7582451f59258c5be017299	0.208568580065358
715b97b31bfe304e76d3b7be2454ca20	0.115056114931468
9a985b4e4976e5c0dc95bf6beff2fd7b	0.208568580065358
2f85b494f5658d64bf04ffed1a05ba6a	0.435405407234628
5ecf5e3a5346bf0ee30e3c37f99853f9	0.115056114931468
197a2da24de330514209e1648a8a8bde	0.0432209320321406
c85595a48aca01ae73bded9ef7982cba	0.0192875644635292
bf96208dbde530d7b9ed0e80d4e1b8be	0.122580396648584
16a3d35db7266316c0c558f93660cf42	0.0671670946299399
c5a51aa1b7be47fb8208706cf3f71539	0.176049753048637
17fef7e0ad68f9b6c8809f459939e144	0.0625481335293325
39d9e05efb13bb6cbb67cb3b6c673f24	0.0581950507611176
14ca0b1f1bf022bb4cb351bb81b3434e	0.176049753048637
7025ef8bc0004af762eb2690fba0066e	0.176049753048637
880a52364fbf1efa95ea31610dfdc355	0.176049753048637
bec41cd6e1b5b61eb56d50c0b1820df1	0.176049753048637
d8cc9ad812fa9e885cd911d1985aee01	0.176049753048637
f971543faf1e3d388f168c9a11b5b0db	0.176049753048637
e04d6c081f15cc99b7baa2cdb0aea469	0.176049753048637
27c3334159450eb530ad4d5038a4479e	0.176049753048637
7d52ac5186b4aae394a849310f2d9696	0.176049753048637
00fc529bbf50e51da28db58a96a412f6	0.176049753048637
24c9f643cb954dfe45e9ebe816b08cd3	0.176049753048637
d3a23b9596d992fe8dbe2100cb2d294d	0.176049753048637
70a04af455b926eca85d6eaff1e55b7a	0.0671670946299399
5cc85128d103ef423d341ce1f423bbc1	0.0671670946299399
59d4294cb16240dd9b2d8510f9244281	0.0581950507611176
2dc2bf0d7ad77571d9938da36ed48173	0.0581950507611176
0ca2ab3f9c8d6e64376c4596214b85d0	0.0581950507611176
ec6253c7f3d42b0e56ff883e607dbc5c	0.0581950507611176
7cc57dd69e162b78fc050bcb062e903c	0.046620362348983
04f6bd6ca959fc895effba389e83d465	0.208568580065358
26dd0bba70014d2289269fe492546e30	0.138776850646122
81c2a0025909f64376ec3e984a4b2faf	0.208568580065358
a7a92e714a9438200a2b567bd2f7c001	0.690669558044928
61b1ef09f91445cf1d6bff05afaa9540	0.208568580065358
439522b630fdd6a840efdde1c07d60ad	0.208568580065358
8d8dfc3447eb86c6020bd8aa95552cb3	0.208568580065358
884f6fb7eba2a2df2b928329d03dafee	0.208568580065358
af130e45457d33112159066964ac0197	0.208568580065358
4bdd501cc61750fa0aaffa584a32106d	0.208568580065358
c6a559bc839cad4bee9a56fc6906297e	0.208568580065358
bdf196996131af1ac43d6eed1e4391e4	0.208568580065358
7b557c1e5f4fc59316123b94440c694a	0.208568580065358
e8f6da014aa6a0dc9afe44c31397b253	0.208568580065358
94109ebf8eac17772dd40cd622b1076d	0.208568580065358
8c9791ce93c974528fd51582daa751c1	0.208568580065358
5395a67be2653ebf2d4549153d47c67e	0.208568580065358
bde0911d1ff82ff8595544f164a5fb59	0.208568580065358
db95d401867e2e4cccc2cf9ecea00ca6	0.208568580065358
eb010f34384fcf1e45b2ddfd5ff67ba1	0.208568580065358
9bb93cb8266c89c4c50313af90dc333a	0.147470117764836
68d11a987309e60f13e089b24e3079f0	0.147470117764836
7b12dae9cdca6caebd9cb5526a0211b0	0.147470117764836
6a5adc84cf3b3515df4dee18d07eda47	0.147470117764836
81753d380e32783069759e9a104510b6	0.147470117764836
aa0fe0616595557e4436865d677e0e94	0.147470117764836
feab3d74f4f6904b31e0aee7f471e488	0.147470117764836
cf1d18d69addfbc4b9bdc1e52e120e33	0.115056114931468
b59f1f52835b92d47c489f5a490f507e	0.046620362348983
23eab702329b6bc80eb44b0543fb2424	0.176049753048637
3379239b27ed3bb2856797090d4ba8c4	0.0502420753144488
96cb13df2a88b0c83d86e8e18b0b957a	0.0502420753144488
328de8b25e4285b971fbdcd9e3162bf3	0.0502420753144488
1a80b0e637b98f565e0f35e700685cdd	0.0502420753144488
a619529eaf8b18c03fabba4cf31ff1a8	0.0502420753144488
f129764c0b6a2c09a814c82ddd0ccb2d	0.0502420753144488
9fb9b083ae60704517ab8b89006d0d1a	0.0502420753144488
d7ec939060d1879be692b2abaa9a4a8a	0.0502420753144488
55959183935818f5bea8671bd086db51	0.0502420753144488
68cf354ea78bca54bb911c7b0ec7fee1	0.0502420753144488
7ae214b8b197f9e8f657e215964e3685	0.0502420753144488
dac8893c2fe5db104ec861e1a2c67c1f	0.0432209320321406
bf3682453f08c57cfa4ecf68cb6bb209	0.0432209320321406
f724c1400ac4c9beaba96cb33affb5a4	0.0432209320321406
94571878aed5fce0bcdd337681c7f8a0	0.0432209320321406
b81c4cd684d13b48d88c4dd1b539dfab	0.0432209320321406
30caec51b93d879f91c7891f347538f8	0.0432209320321406
4db10a7fd38e5f82ea9f0945569f8f59	0.0432209320321406
e7bace948e3b94ee8c03d24e461d7c36	0.0671670946299399
23e71c9d499284acc22608925f4288c5	0.0671670946299399
c2a40bb606b028a8365242a2e9ec6a90	0.0671670946299399
dc12e84f032627f19a33b72ce196514f	0.0671670946299399
a76b19ab801c6c0339d2a484766a856f	0.0671670946299399
b560c453a4d5d027bf77b22a3117e002	0.0671670946299399
add35db3af2927c8bbd661a8f9d2c413	0.0671670946299399
2f8176eeaa9ee380906002a44ed4debd	0.0671670946299399
cf0a0439584225126e36bed305c7f3ca	0.0671670946299399
4719e5681ac07ff082171c7af5e0f686	0.176049753048637
bc1e4af2904a4e8363cb88404d6654dc	0.0581950507611176
0fdc999e94ed8f297d824d4b728b1cfa	0.0581950507611176
0f27eb4234855894c476d9d5cd58bbd1	0.0581950507611176
